,SK_ID_PREV,SK_ID_CURR,NUM_INSTALMENT_VERSION,NUM_INSTALMENT_NUMBER,DAYS_INSTALMENT,DAYS_ENTRY_PAYMENT,AMT_INSTALMENT,AMT_PAYMENT
12664214,2410830,401994,1.0,1,-2273.0,-2287.0,18390.15,18390.15
5301520,1532429,276585,3.0,12,-1024.0,-1027.0,4637.34,4637.34
9294087,2613888,335992,1.0,6,-1838.0,-1871.0,13121.685,13121.685
8352424,1783980,380946,1.0,1,-1043.0,-1055.0,34428.015,34428.015
7448851,2498928,226218,1.0,11,-743.0,-733.0,15619.185,9000.0
11783670,2706241,446274,1.0,9,-109.0,-115.0,7986.105,7986.105
9020986,1035856,385374,0.0,100,-1020.0,-1020.0,79.065,79.065
9799878,1465250,334727,1.0,1,-728.0,-736.0,14559.525,14559.525
10737033,2463407,315057,0.0,57,-1830.0,-1830.0,294.03,294.03
4353817,1414790,282082,1.0,8,-1657.0,-1665.0,9267.39,9267.39
10937325,2310811,338847,1.0,17,-1085.0,-1116.0,2206.485,2206.485
12450160,1545165,406392,0.0,52,-319.0,-319.0,8466.075,8466.075
12147397,2273344,407153,0.0,88,-241.0,-241.0,287.01,287.01
6384640,1889935,293114,1.0,14,-519.0,-521.0,35886.87,35886.87
7553513,2038918,262375,0.0,82,-1417.0,-1417.0,514.53,514.53
3805950,1775339,248351,1.0,8,-795.0,-855.0,5471.1,5471.1
7666084,2763010,338478,1.0,1,-325.0,-355.0,8041.635,8041.635
12722332,1940494,438561,1.0,3,-2262.0,-2279.0,7381.8,7381.8
935528,1803077,140459,0.0,11,-1552.0,-1552.0,13050.0,13050.0
1236537,1236789,118956,1.0,1,-612.0,-631.0,2960.775,2960.775
12393900,1561297,410071,0.0,1,-2600.0,-2612.0,3375.0,3375.0
11818630,2785255,424090,0.0,42,-1994.0,-1994.0,450.0,450.0
4381023,2628610,217752,1.0,9,-189.0,-199.0,5264.235,5264.235
3212347,1417665,190300,0.0,35,-592.0,-592.0,211.23,211.23
12975708,2083106,407486,0.0,70,-1323.0,-1323.0,563.535,563.535
7412515,1968935,264091,1.0,1,-2481.0,-2481.0,1841.31,1841.31
8511579,2761692,386889,1.0,3,-2532.0,-2532.0,47371.5,47371.5
942152,2801757,121232,0.0,11,-416.0,-416.0,33750.0,33750.0
9831061,2804376,372694,0.0,3,-1079.0,-1087.0,2250.0,2250.0
12643472,2674630,429715,1.0,24,-1712.0,-1740.0,8839.215,1671.975
10693914,1165506,366028,1.0,2,-1323.0,-1335.0,18117.0,18117.0
12415952,1488740,405414,1.0,5,-1612.0,-1653.0,1589.04,1589.04
5486161,1688242,220236,0.0,37,-1156.0,-1137.0,6750.0,6750.0
8704100,2046059,307204,1.0,2,-745.0,-750.0,14465.025,14465.025
7352399,1326893,267959,3.0,20,-477.0,-477.0,21710.07,21710.07
5707285,1151871,244799,1.0,1,-781.0,-793.0,18116.37,18116.37
11260885,2705099,367344,1.0,6,-1791.0,-1821.0,8971.065,205.2
5393015,1799719,233843,0.0,43,-116.0,-127.0,8496.495,8496.495
6360922,1290111,273107,1.0,3,-510.0,-520.0,52852.68,52852.68
2042186,1918957,173671,1.0,11,-172.0,-171.0,4819.14,4819.14
9087883,2505580,352615,1.0,1,-967.0,-980.0,7401.015,7401.015
9342352,1667409,341038,3.0,17,-231.0,-231.0,60402.06,60402.06
2828451,2126377,176258,0.0,52,-481.0,-482.0,18820.935,18820.935
10223566,2482501,341084,0.0,87,-1729.0,-1729.0,21150.0,21150.0
10294284,1398193,368470,1.0,19,-85.0,-93.0,18265.5,18265.5
12429450,1136175,401104,1.0,4,-334.0,-334.0,22999.545,22999.545
2368932,1446357,103957,1.0,4,-661.0,-671.0,2962.53,2962.53
6860517,1761715,286843,1.0,20,-1956.0,-1958.0,8269.11,8269.11
2713328,1402221,156812,1.0,11,-150.0,-151.0,16270.11,16270.11
10657082,1949375,393715,0.0,86,-957.0,-957.0,47.88,47.88
7542007,1940265,251781,0.0,87,-1479.0,-1505.0,81.135,38.07
2947513,2593710,168383,1.0,1,-1670.0,-1688.0,2237.76,2237.76
7986185,1691116,318432,1.0,4,-2276.0,-2295.0,12563.55,12563.55
6616210,1311789,295820,1.0,10,-955.0,-956.0,20483.19,20483.19
10142492,1428961,353324,1.0,11,-37.0,-38.0,35560.8,35560.8
4464351,1891197,225001,1.0,10,-1294.0,-1295.0,13417.425,13417.425
6874984,2819881,214497,1.0,3,-652.0,-673.0,18060.435,18060.435
5787719,1887660,258406,1.0,9,-2436.0,-2449.0,3803.13,3803.13
3670848,1198185,135808,0.0,66,-179.0,-179.0,0.09,0.09
1087796,1449154,186038,1.0,2,-1586.0,-1626.0,6634.62,6634.62
76810,2835043,172846,1.0,10,-557.0,-587.0,14137.245,14137.245
8700165,2657967,316356,1.0,11,-133.0,-150.0,9259.065,9259.065
8723653,1184797,376515,0.0,3,-1318.0,-1329.0,19289.52,13500.0
8397926,1920851,321180,1.0,5,-2426.0,-2441.0,9967.41,9967.41
863744,2675827,150352,1.0,3,-307.0,-321.0,53618.895,53618.895
9552701,2764149,356026,1.0,6,-1364.0,-1374.0,11731.86,11731.86
11243052,2318689,367381,1.0,13,-263.0,-262.0,19141.29,19141.29
7709984,1998922,339189,1.0,1,-291.0,-304.0,4639.14,4639.14
10993012,2843102,354133,1.0,6,-886.0,-912.0,15689.925,15689.925
9498282,1075162,309550,1.0,4,-1637.0,-1662.0,6972.165,6972.165
11328011,2651911,360199,0.0,93,-106.0,-106.0,5.265,5.265
5032917,1179948,257048,2.0,34,-26.0,-80.0,23153.985,2492.775
5529124,2104840,258331,1.0,3,-738.0,-754.0,17769.375,17769.375
1586464,2671567,149092,0.0,55,-1627.0,-1339.0,1.395,1.395
12751383,1648423,431410,1.0,3,-233.0,-272.0,5879.43,5879.43
5885309,1175512,247574,1.0,9,-252.0,-262.0,5221.845,5221.845
6187164,1154739,228433,0.0,31,-159.0,-163.0,12691.305,12691.305
12573110,1976995,416222,1.0,4,-1648.0,-1655.0,10515.96,10515.96
4331082,2606230,241320,0.0,20,-2672.0,-2684.0,4050.0,4050.0
9312782,2240122,365206,0.0,10,-2141.0,-2166.0,4500.0,4500.0
12356737,2189529,441053,1.0,3,-41.0,-49.0,11508.48,11508.48
13349593,1081355,401558,0.0,10,-231.0,-230.0,2250.0,2250.0
1758035,1568587,170444,3.0,7,-795.0,-824.0,31868.46,2207.7
9194242,2055817,366479,0.0,74,-1376.0,-1381.0,7875.0,7875.0
5169023,2736330,272670,1.0,15,-138.0,-140.0,52999.92,52999.92
628809,2659906,116561,1.0,8,-664.0,-675.0,18804.96,18804.96
2144056,2759926,168537,2.0,5,-312.0,-328.0,41472.855,41472.855
4068753,1526249,275666,1.0,12,-1967.0,-1989.0,12988.62,12867.84
1723695,2346350,179246,1.0,35,-1467.0,-1451.0,7630.2,7226.685
8745986,1620146,359520,0.0,127,-1040.0,-1040.0,6300.0,6300.0
12431369,2056507,437780,0.0,68,-640.0,-640.0,316.935,316.935
774733,2704311,139824,1.0,1,-332.0,-351.0,39816.495,39816.495
5543429,2777163,218828,0.0,83,-1608.0,-1608.0,446.895,446.895
6347072,2535835,298470,1.0,10,-451.0,-459.0,2575.035,2575.035
8116013,2272693,312807,0.0,6,-287.0,-287.0,633.69,633.69
7739796,1861988,329395,1.0,18,-1225.0,-1228.0,16058.385,16058.385
2457864,1488263,129294,0.0,21,-24.0,-24.0,8550.0,8550.0
1242382,2320538,104980,0.0,3,-664.0,-683.0,2250.0,2250.0
3346589,2399878,167311,1.0,3,-2604.0,-2591.0,5885.82,15.525
7205240,1182143,246717,1.0,3,-668.0,-686.0,13420.215,13420.215
5008495,2490846,285874,0.0,16,-2256.0,-2266.0,9000.0,9000.0
7941316,2603779,312128,1.0,3,-352.0,-400.0,14367.96,14367.96
7233038,1494387,231346,1.0,4,-301.0,-311.0,6138.405,6138.405
7355794,2248900,230597,1.0,14,-1069.0,-1094.0,3888.72,3888.72
5965953,2231219,270209,8.0,8,-334.0,-336.0,399449.475,399449.475
4355149,2229640,296365,1.0,3,-1333.0,-1333.0,8235.63,8235.63
11299607,2035910,340920,0.0,62,-1746.0,-1753.0,9000.0,9000.0
2417435,1926911,169038,0.0,34,-474.0,-474.0,130.59,130.59
11786662,2341212,408356,0.0,28,-2472.0,-2478.0,8100.0,8100.0
81502,1221187,134396,1.0,4,-450.0,-439.0,8141.04,5564.16
12499519,2007759,424960,0.0,8,-2630.0,-2638.0,9000.0,9000.0
4043869,2254486,208175,1.0,28,-243.0,-250.0,11272.275,11272.275
11179332,1672498,383298,1.0,10,-2552.0,-2552.0,3073.455,3073.455
4440861,1158917,273728,1.0,21,-1859.0,-1846.0,17031.15,574.92
7885920,2593026,359615,1.0,6,-2202.0,-2207.0,3490.695,3490.695
4005982,1852973,203687,1.0,3,-1148.0,-1172.0,4320.09,4320.09
6576163,2633661,260142,0.0,83,-1306.0,-1306.0,1338.075,1338.075
2084442,2291096,183443,0.0,6,-2674.0,-2680.0,5625.0,5625.0
7774154,2251535,391595,1.0,8,-959.0,-978.0,34196.58,34196.58
8224678,1874932,389332,1.0,1,-1900.0,-1903.0,12084.3,12084.3
12906307,1460659,408002,1.0,4,-195.0,-197.0,8806.455,8806.455
12605371,1429805,432143,0.0,104,-1417.0,-1433.0,5400.0,5400.0
3135463,2099962,130718,1.0,12,-1134.0,-1139.0,21651.705,21651.705
5274322,2521983,254309,1.0,20,-86.0,-88.0,16677.495,16677.495
316107,1569548,126324,2.0,8,-187.0,-208.0,79696.935,79696.935
1574914,1025763,140883,0.0,71,-1893.0,-1893.0,67.5,67.5
3307474,1336468,182384,0.0,23,-132.0,-132.0,13500.0,13500.0
12852324,1259481,454753,3.0,4,-387.0,-476.0,4023.72,4023.72
3804031,1016937,278577,1.0,9,-455.0,-455.0,66864.96,66864.96
3667294,1591449,117933,1.0,5,-2430.0,-2430.0,8762.355,8762.355
10128310,2031335,380407,1.0,5,-972.0,-982.0,13690.98,13690.98
13106407,1620481,449803,1.0,10,-388.0,-401.0,30876.3,30876.3
3266558,2467842,177838,1.0,5,-1476.0,-1484.0,4768.83,4.68
2743389,2505585,189726,0.0,44,-2144.0,-2144.0,120.6,120.6
7192305,1798624,270027,0.0,34,-1786.0,-1791.0,3375.0,3375.0
4833144,1107161,298014,1.0,1,-1141.0,-1147.0,6845.445,6845.445
3577167,1661616,174394,1.0,10,-1421.0,-1379.0,13824.81,26.145
6508752,1127389,230048,1.0,1,-305.0,-327.0,10733.355,10733.355
2361244,1985904,181050,0.0,17,-1999.0,-2013.0,5625.0,5625.0
650815,1597067,103115,0.0,93,-1145.0,-1145.0,2052.765,2052.765
3051102,2812878,151799,1.0,10,-1085.0,-1092.0,4316.04,4316.04
1768592,2225875,108941,0.0,15,-599.0,-605.0,6353.235,6353.235
7138276,2384039,247562,1.0,16,-1111.0,-1124.0,5847.795,37.62
6051357,2783796,248840,0.0,39,-10.0,-10.0,118.8,118.8
11289929,2670822,383422,1.0,6,-474.0,-486.0,46485.225,46485.225
5425168,2561324,233494,2.0,11,-623.0,-631.0,8071.785,7790.04
1865671,1619121,170563,1.0,4,-790.0,-799.0,4793.175,4793.175
5403980,1036308,210010,1.0,10,-119.0,-137.0,6922.35,6922.35
8332100,1259095,334874,1.0,3,-806.0,-808.0,36125.37,36125.37
4422338,2273845,272976,1.0,8,-509.0,-541.0,4965.165,4965.165
2836525,2016310,166066,1.0,2,-1567.0,-1580.0,6121.44,6121.44
11610659,2427577,417295,0.0,119,-926.0,-926.0,411.57,411.57
10218513,2767689,352277,1.0,1,-437.0,-448.0,13237.02,13237.02
11127289,2155503,327028,1.0,15,-293.0,-292.0,16187.31,16187.31
3109158,1980889,157870,1.0,7,-1928.0,-1949.0,11844.315,11844.315
11458495,1130499,386553,1.0,6,-985.0,-1008.0,6764.22,6764.22
4891651,1007361,263986,0.0,93,-1258.0,-1258.0,1125.0,1125.0
5091999,2284548,249996,1.0,14,-486.0,-494.0,10312.605,10312.605
4737379,1665247,278338,1.0,1,-530.0,-543.0,5226.255,5226.255
4019209,1360634,263030,1.0,4,-615.0,-616.0,26762.805,26762.805
1937373,2610101,127207,1.0,10,-1998.0,-1995.0,4850.55,4846.5
3952563,2588763,275509,5.0,18,-70.0,-72.0,16021.755,16021.755
10373577,1284152,365937,1.0,5,-2573.0,-2561.0,29209.995,117.225
1306701,1201146,159992,1.0,10,-875.0,-885.0,3823.29,3823.29
4779818,2224225,237355,1.0,10,-444.0,-461.0,10548.54,10548.54
12710220,1746347,424999,1.0,3,-866.0,-872.0,10198.485,10198.485
10421678,2789544,373575,1.0,8,-2259.0,-2242.0,8766.135,3501.135
758189,1125444,184371,1.0,3,-277.0,-291.0,6164.865,6164.865
6451178,1475006,217333,1.0,4,-1383.0,-1405.0,5103.36,5103.36
7797253,1126082,397504,1.0,2,-732.0,-735.0,21228.075,21228.075
4906838,2225567,217333,1.0,2,-786.0,-809.0,7456.14,7456.14
9666135,1989597,367037,1.0,9,-325.0,-326.0,6163.515,6163.515
8578046,1076269,319876,1.0,2,-899.0,-904.0,4855.905,4855.905
7650695,2332475,315006,1.0,9,-2424.0,-2459.0,3120.12,3120.12
12591528,1581577,452541,1.0,2,-2072.0,-2078.0,10806.345,10806.345
2175501,2346350,179246,1.0,2,-2457.0,-2471.0,7630.2,7544.25
4721768,2291441,228848,1.0,11,-594.0,-595.0,47041.335,47041.335
391847,2166335,189108,0.0,72,-993.0,-993.0,151.155,151.155
12281683,1959688,426211,0.0,92,-726.0,-729.0,5625.0,5625.0
12002583,1434743,420715,1.0,16,-290.0,-288.0,11738.745,4318.74
7452845,1698744,245061,0.0,49,-898.0,-898.0,197.595,197.595
10728695,2482306,300009,1.0,9,-487.0,-489.0,52026.165,52026.165
8172089,1499548,304807,1.0,7,-1117.0,-1131.0,4115.25,4115.25
12084780,1530722,424711,1.0,9,-2678.0,-2661.0,12828.195,21.465
4342880,1037735,250575,0.0,49,-1415.0,-1415.0,801.99,801.99
4028112,1882120,216720,1.0,1,-2423.0,-2433.0,5444.325,5444.325
12267887,2108207,412161,3.0,3,-72.0,-81.0,5647.815,5647.815
518104,1235552,144815,0.0,119,-665.0,-680.0,4500.0,4500.0
11387901,2486274,381535,2.0,5,-509.0,-522.0,23203.935,23203.935
7680258,2354500,300303,1.0,1,-479.0,-489.0,29065.77,29065.77
10708861,2309919,372395,2.0,12,-11.0,-14.0,232519.725,232519.725
58643,2343593,131135,0.0,21,-1992.0,-1992.0,4668.84,4668.84
9378134,2449901,361736,1.0,16,-619.0,-610.0,13346.865,3603.51
8459243,2137993,369206,1.0,4,-1176.0,-1250.0,10561.95,10561.95
6699232,1409929,288730,1.0,2,-268.0,-287.0,9996.705,9996.705
5930724,2230099,274744,1.0,7,-1118.0,-1151.0,14136.75,14136.75
2340734,1701575,103583,1.0,1,-50.0,-52.0,10140.57,10140.57
2578883,1251424,111546,1.0,3,-1973.0,-1973.0,4552.155,4552.155
6746045,2697539,285308,3.0,2,-303.0,-341.0,35788.23,4.545
11274251,2610660,325627,1.0,4,-1145.0,-1147.0,17679.375,17679.375
7882894,1009098,311866,2.0,13,-802.0,-798.0,33485.67,25169.445
433431,1059525,106834,1.0,6,-2259.0,-2262.0,12218.175,12218.175
2100282,1639174,161701,1.0,2,-8.0,-39.0,7064.505,10422.0
203648,1775381,131253,1.0,6,-1145.0,-1145.0,10133.1,10133.1
766722,1614163,124373,1.0,8,-405.0,-534.0,3059.91,3059.91
1431501,1045668,198515,0.0,55,-1830.0,-1830.0,406.035,406.035
776961,1617472,131396,0.0,30,-1976.0,-1976.0,2250.0,2250.0
1460076,2710043,150334,0.0,8,-168.0,-168.0,67500.0,67500.0
9638526,2126781,371069,0.0,23,-527.0,-527.0,4837.995,4837.995
6740974,1347947,219722,7.0,21,-36.0,-40.0,42894.27,45000.0
12998745,2314210,403744,0.0,64,-1039.0,-1039.0,85.5,85.5
10211078,1305062,397080,1.0,7,-640.0,-652.0,33316.83,33316.83
3554968,2809356,159469,0.0,121,-675.0,-675.0,529.155,529.155
5653736,1056484,213880,1.0,3,-1010.0,-1018.0,12841.65,12841.65
3168876,1280968,172432,0.0,34,-1620.0,-1620.0,513.0,513.0
5499121,1766459,254831,0.0,64,-651.0,-651.0,224.595,224.595
6971705,1110788,276804,0.0,10,-221.0,-221.0,421.155,421.155
12126953,2437918,404857,0.0,36,-1747.0,-1747.0,788.985,788.985
11639579,1928651,446740,1.0,4,-563.0,-564.0,25153.11,25153.11
12502290,1181101,438524,1.0,12,-1757.0,-1757.0,8343.135,8219.385
34272,2167705,122100,0.0,31,-2035.0,-2054.0,6750.0,6750.0
13108431,2674825,411502,1.0,3,-1755.0,-1765.0,4581.27,4581.27
10372623,1397954,343248,1.0,1,-2367.0,-2373.0,3342.69,3342.69
2873265,2517587,155784,1.0,5,-1731.0,-1762.0,15896.205,26.505
2124086,1085353,192297,1.0,8,-266.0,-281.0,20975.04,20975.04
3603083,2841237,186360,0.0,43,-1853.0,-1853.0,423.495,423.495
5457569,1581630,291076,1.0,11,-1424.0,-1428.0,4147.56,4147.56
9767086,2725770,354689,1.0,11,-2284.0,-2296.0,18885.6,18885.6
2920513,1139856,199922,1.0,15,-272.0,-294.0,4350.735,4350.735
5290726,2049155,249609,1.0,10,-1912.0,-1932.0,6036.84,6036.84
10282842,1398623,397761,1.0,4,-2466.0,-2480.0,13114.98,13114.98
1254024,1211563,172457,1.0,3,-439.0,-451.0,5974.65,5974.65
9010528,1083922,389511,0.0,18,-1315.0,-1288.0,9450.0,9450.0
7380395,1972656,264176,1.0,21,-435.0,-436.0,5327.1,5327.1
11129443,2064734,348878,0.0,133,-1165.0,-1165.0,291.15,291.15
10125280,1077898,365050,1.0,4,-2215.0,-2238.0,4945.59,4945.59
10408789,1408913,383193,0.0,28,-418.0,-437.0,941.04,941.04
11420490,2426582,348920,1.0,1,-960.0,-970.0,5272.29,5272.29
10275895,1187223,310783,0.0,3,-2436.0,-2448.0,4500.0,4500.0
2190355,1896950,109815,1.0,4,-800.0,-814.0,7713.36,7713.36
8272130,1437793,309614,7.0,18,-81.0,-81.0,20587.275,20587.275
7626272,2417677,395917,1.0,2,-1065.0,-1090.0,7132.68,7132.68
10815739,2123374,399595,12.0,7,-209.0,-214.0,9312.075,13500.0
13022078,2271899,416444,1.0,8,-1198.0,-1205.0,2321.55,2321.55
11116840,1152150,375391,0.0,31,-1997.0,-1997.0,188.55,188.55
7302430,2342374,247560,1.0,5,-2194.0,-2195.0,3730.86,3730.86
2337569,1313174,119945,1.0,9,-2717.0,-2717.0,3609.36,3609.36
10324246,1697509,367565,1.0,8,-251.0,-283.0,19661.94,19661.94
8988517,2533260,358680,0.0,73,-943.0,-943.0,0.36,0.36
1186286,1420878,190447,1.0,7,-170.0,-185.0,24172.65,24172.65
12381839,1606434,434283,2.0,3,-857.0,-875.0,67686.21,67686.21
11385158,1080062,375973,1.0,11,-1452.0,-1467.0,9995.31,9995.31
1976097,1864411,156852,0.0,19,-1818.0,-1829.0,6750.0,6750.0
4864494,2631954,200422,1.0,4,-603.0,-617.0,15493.77,15493.77
11204067,1624035,385921,1.0,16,-554.0,-582.0,5761.62,5.76
6366708,1285282,252776,0.0,56,-1350.0,-1350.0,1957.5,1957.5
7417238,2165674,205242,0.0,6,-436.0,-436.0,375.93,375.93
896929,2418727,197009,1.0,8,-1390.0,-1412.0,3994.605,3994.605
4576257,1475723,263705,1.0,2,-601.0,-606.0,4380.57,4380.57
4921508,2617510,233236,1.0,4,-2819.0,-2831.0,11971.395,11971.395
2030507,1874854,191930,1.0,10,-1432.0,-1426.0,10476.585,10472.67
8550869,2570435,315388,0.0,13,-513.0,-513.0,27000.0,27000.0
9832504,1213024,387447,2.0,25,-189.0,-189.0,118927.035,118927.035
5066310,2087070,273372,1.0,1,-1175.0,-1204.0,11451.735,11451.735
217301,1232591,178790,1.0,12,-193.0,-198.0,11588.985,11588.985
5412201,1298811,272372,0.0,138,-75.0,-75.0,2250.0,2250.0
1063149,1421419,183569,0.0,8,-82.0,-82.0,65.835,65.835
8081619,1240260,322376,1.0,1,-83.0,-95.0,20229.435,20229.435
2375667,1862158,150570,1.0,22,-1727.0,-1728.0,16713.405,16713.405
9616435,1890034,357201,0.0,18,-628.0,-628.0,13415.31,13415.31
121471,1645169,100670,1.0,3,-848.0,-855.0,14363.19,14363.19
825912,1539880,168750,2.0,7,-221.0,-224.0,14453.46,14453.46
13333018,2696903,419725,1.0,6,-90.0,-118.0,4608.225,4608.225
11625550,1556038,423424,0.0,4,-759.0,-759.0,428181.975,428181.975
4928455,1641063,209758,1.0,6,-1973.0,-1993.0,15190.02,15190.02
6940833,2327968,280857,1.0,8,-252.0,-264.0,71098.65,71098.65
8561578,2731054,348899,1.0,13,-211.0,-254.0,14055.66,14055.66
2780655,1919274,165188,1.0,23,-193.0,-191.0,23862.24,23713.965
9183058,1999857,365744,1.0,6,-875.0,-879.0,47818.98,47818.98
6506204,2766003,294346,1.0,10,-228.0,-232.0,21380.13,21380.13
5950931,2517645,246568,1.0,4,-554.0,-587.0,8526.015,1421.955
1126734,1956678,112504,1.0,9,-1203.0,-1228.0,9165.825,260.64
1849188,1229771,150200,0.0,4,-2607.0,-2615.0,9000.0,9000.0
11912454,1235825,424015,0.0,7,-2539.0,-2539.0,252.765,252.765
998212,1998153,116821,2.0,9,-389.0,-399.0,207560.565,225000.0
4126661,2087670,276078,1.0,24,-2630.0,-2630.0,7535.385,7535.385
10025440,2762206,379671,1.0,9,-84.0,-100.0,8868.915,8868.915
13519368,1463251,453169,0.0,64,-660.0,-660.0,9000.0,9000.0
13108779,1672613,445993,1.0,10,-2602.0,-2615.0,4993.425,4993.29
9480390,2474466,382933,1.0,14,-631.0,-672.0,6870.825,6870.825
9781842,1024273,304520,1.0,17,-65.0,-63.0,70813.26,61725.42
11912182,2366189,455593,0.0,43,-2220.0,-2220.0,410.175,410.175
11399645,2424458,338019,1.0,5,-93.0,-106.0,5291.01,5291.01
4769447,1749753,202556,1.0,8,-2040.0,-2041.0,11101.545,11101.545
3257432,1235896,111387,0.0,70,-1312.0,-1312.0,57.915,57.915
2319650,2136551,153531,1.0,24,-251.0,-318.0,14760.27,14760.27
12506413,1586179,453845,1.0,18,-83.0,-97.0,24909.39,24909.39
867971,1920233,156294,0.0,57,-1674.0,-1673.0,7875.0,7875.0
6537634,1998026,202841,1.0,15,-2182.0,-2301.0,2633.85,2633.85
9602364,2100207,347607,0.0,27,-2122.0,-2122.0,1821.51,1821.51
12037717,1634732,436778,2.0,3,-704.0,-714.0,15428.61,15428.61
11706255,1865422,446045,0.0,58,-1807.0,-1812.0,9000.0,9000.0
13337474,1383995,405623,1.0,3,-914.0,-942.0,19141.29,7.56
5565708,1328388,213206,1.0,9,-2806.0,-2806.0,8516.475,8516.475
1320195,1082182,121899,1.0,4,-30.0,-34.0,5213.07,5213.07
12602049,1125646,453205,1.0,9,-266.0,-267.0,14571.765,14571.765
5294860,1431926,223759,1.0,7,-211.0,-213.0,3471.66,3471.66
12795283,1062041,433829,1.0,9,-278.0,-294.0,8418.96,8418.96
11941120,2812653,451557,1.0,9,-2506.0,-2503.0,12928.77,12806.1
4846012,2537703,213244,0.0,86,-1628.0,-1636.0,9000.0,9000.0
907079,2663459,146336,1.0,10,-768.0,-771.0,26377.425,26377.425
3687286,1459926,127069,1.0,3,-394.0,-436.0,6875.28,6875.28
3506151,2156751,129640,1.0,21,-1666.0,-1670.0,26633.25,26633.25
6219870,2011867,289559,0.0,20,-2418.0,-2416.0,7875.0,7875.0
11208916,1256664,355525,0.0,20,-2775.0,-2789.0,5400.0,5400.0
12288595,1414729,433915,1.0,1,-692.0,-709.0,6395.355,6395.355
292411,2751368,138239,0.0,13,-223.0,-223.0,6832.62,6832.62
10716354,2305311,306431,1.0,5,-527.0,-530.0,13000.86,13000.86
6703835,2797159,282570,0.0,21,-1152.0,-1162.0,3375.0,3375.0
3360243,2322994,124766,1.0,2,-2270.0,-2274.0,16118.37,16118.37
7730085,1799188,387852,0.0,17,-295.0,-310.0,2250.0,1125.0
4026740,2069978,254581,1.0,14,-875.0,-896.0,12393.225,326.385
7098084,2177116,223006,1.0,4,-1356.0,-1418.0,7900.56,7900.56
6073954,1782166,233555,0.0,48,-1230.0,-1230.0,1125.0,1125.0
2796477,1230633,145942,0.0,31,-2718.0,-2721.0,5400.0,5400.0
6182133,1185127,265690,0.0,53,-2153.0,-2177.0,7875.0,7875.0
6015494,2824598,223273,1.0,3,-889.0,-893.0,14529.915,14529.915
5529631,2360467,269750,0.0,71,-882.0,-882.0,248.04,248.04
8216400,2677530,350594,3.0,11,-319.0,-325.0,10951.875,10951.875
12512270,1542713,427986,2.0,8,-180.0,-181.0,19386.0,46775.25
10851974,2572864,316005,5.0,4,-300.0,-302.0,20126.655,90000.0
11988374,1619245,422937,1.0,6,-209.0,-220.0,12113.55,12113.55
4432787,1687191,218087,0.0,56,-862.0,-862.0,21.15,21.15
10440426,1255688,374552,0.0,70,-1708.0,-1708.0,51.075,51.075
4518698,1627224,211399,0.0,7,-576.0,-595.0,2250.0,2250.0
12954591,2762668,438139,1.0,3,-1573.0,-1578.0,9785.43,9785.43
12818330,2506183,449092,0.0,85,-810.0,-810.0,252.9,252.9
5044268,2033814,226658,1.0,27,-59.0,-68.0,23127.75,23127.75
10988480,1101912,365437,0.0,21,-153.0,-153.0,38942.325,38942.325
13401143,1386499,423104,2.0,21,-978.0,-1007.0,40199.625,40199.625
9485579,2391622,390860,0.0,85,-968.0,-984.0,9000.0,9000.0
1174204,2322427,105756,1.0,12,-1336.0,-1337.0,13394.52,13394.52
9553078,1701676,322467,1.0,6,-803.0,-814.0,3797.415,3797.415
10268086,1874139,310658,0.0,75,-48.0,-48.0,807.48,807.48
5512364,2310451,278302,0.0,40,-2423.0,-2423.0,1125.0,1125.0
6990333,1488098,207485,1.0,5,-1278.0,-1295.0,5898.51,5898.51
9728542,1960031,319455,0.0,11,-479.0,-486.0,36650.07,36650.07
2585569,2640941,192024,0.0,78,-1562.0,-1562.0,280.8,280.8
4562246,1295015,220901,1.0,10,-74.0,-90.0,13204.395,13204.395
1631802,2116987,146407,1.0,4,-433.0,-432.0,14871.24,14871.24
8329665,1133940,346010,0.0,53,-2098.0,-2098.0,2250.0,2250.0
6780238,2080495,222993,1.0,4,-2416.0,-2422.0,9728.505,9728.505
11219652,1542678,327155,3.0,8,-432.0,-433.0,20933.37,20933.37
9355286,2121065,353431,1.0,10,-581.0,-589.0,12145.95,12145.95
10510422,2100517,387054,2.0,19,-321.0,-323.0,28795.5,28795.5
10887929,1327512,397275,1.0,4,-2904.0,-2904.0,4378.455,4378.455
357705,2424872,184880,0.0,89,-936.0,-933.0,6750.0,6750.0
12357122,1207064,417730,0.0,154,-965.0,-995.0,361.395,361.395
8694912,2096039,311649,1.0,6,-1872.0,-1884.0,22373.325,5.355
4242140,2023060,210640,0.0,25,-414.0,-418.0,19457.955,18000.0
13339547,1185828,454565,1.0,6,-704.0,-705.0,5100.3,68773.5
11652880,2123370,437952,1.0,8,-790.0,-788.0,3068.19,3062.52
9251946,2611196,370497,0.0,4,-86.0,-86.0,230.985,230.985
6582469,1423045,216066,1.0,7,-1819.0,-1857.0,41936.31,41936.31
2602654,1884976,143446,0.0,43,-2587.0,-2587.0,59.355,59.355
1032264,1245104,155715,1.0,6,-1820.0,-1833.0,10398.465,10398.465
5900031,2181307,204951,1.0,3,-2408.0,-2453.0,5115.375,5115.375
5434596,2178494,256925,1.0,1,-468.0,-473.0,36181.485,36181.485
9305583,1660041,335821,1.0,4,-782.0,-804.0,10629.72,10629.72
8348026,1640029,311906,1.0,11,-1216.0,-1225.0,14884.74,14884.74
35734,1748652,107338,1.0,10,-1148.0,-1155.0,22616.325,22616.325
10614945,1985012,308768,3.0,12,-520.0,-529.0,84138.57,84138.57
9986802,1591554,325921,1.0,4,-939.0,-960.0,32163.165,32163.165
168348,1206478,149988,1.0,17,-2257.0,-2264.0,7418.25,7418.25
2278723,2018236,120818,0.0,32,-648.0,-652.0,17649.27,17649.27
1010782,1211220,138084,0.0,68,-551.0,-551.0,294.975,294.975
4113668,1469280,258173,0.0,127,-433.0,-433.0,24.84,24.84
1300523,1214556,192456,0.0,5,-343.0,-343.0,157.455,157.455
10819301,1882179,340618,3.0,18,-306.0,-308.0,33662.25,33662.25
2102233,2532268,198760,0.0,4,-2725.0,-2732.0,4500.0,4500.0
2940703,2430682,107326,1.0,6,-111.0,-132.0,4687.515,4687.515
3100046,1644248,105064,1.0,3,-1800.0,-1809.0,6360.57,6360.57
2397484,1013049,167595,1.0,18,-208.0,-227.0,19475.865,19475.865
1166597,1574488,186380,1.0,5,-2317.0,-2326.0,4862.565,4862.565
12363486,2697827,402218,1.0,6,-1517.0,-1535.0,22553.595,22553.595
12923564,2700707,410470,1.0,1,-909.0,-933.0,8613.945,8613.945
1700481,2574731,167007,0.0,6,-340.0,-340.0,2250.0,2250.0
5260775,2016026,241536,1.0,6,-2285.0,-2290.0,16411.14,16411.14
8032332,2697310,341190,1.0,5,-169.0,-182.0,31030.56,31030.56
11633832,1298245,414182,1.0,14,-760.0,-770.0,18486.27,10180.8
12674806,1948218,440824,0.0,94,-243.0,-243.0,264.24,264.24
1888978,1481615,160602,1.0,3,-2580.0,-2602.0,4412.205,4412.205
12997357,1121392,440328,1.0,9,-234.0,-238.0,8350.2,8350.2
8949030,2341378,302616,0.0,19,-1030.0,-1025.0,7263.18,7263.18
1381331,1050261,133884,1.0,8,-1816.0,-1835.0,5612.31,5612.31
2280267,1179534,190593,1.0,15,-513.0,-510.0,49727.925,15858.855
3946616,2801379,204361,0.0,11,-2682.0,-2688.0,5625.0,5625.0
11845197,1129478,443045,1.0,5,-523.0,-538.0,2885.13,2885.13
11043381,1080470,326472,1.0,3,-1825.0,-1836.0,2263.95,2263.95
2727844,1082528,134251,1.0,11,-343.0,-375.0,5061.015,5061.015
10117207,1431365,346893,2.0,9,-2837.0,-2851.0,6573.915,6573.915
4304067,1257066,206101,0.0,5,-2398.0,-2414.0,7875.0,7875.0
11794935,2459870,422406,0.0,10,-386.0,-405.0,2250.0,2250.0
1239466,2027353,188725,1.0,8,-2278.0,-2288.0,2542.23,2542.23
344740,1541145,181963,1.0,9,-1861.0,-1863.0,10201.95,10201.95
2945264,1154989,150724,1.0,2,-254.0,-263.0,7174.98,7174.98
11045029,2178252,381131,1.0,6,-2448.0,-2453.0,8804.205,8804.205
7747442,1075815,324421,1.0,20,-9.0,-42.0,22118.535,2224.62
782,2071003,139546,1.0,21,-169.0,-169.0,7046.73,7046.73
12380588,2703840,435114,1.0,4,-107.0,-108.0,10482.795,10482.795
7240932,2816762,263552,1.0,12,-522.0,-535.0,34210.8,34210.8
7482806,2610805,292245,2.0,4,-75.0,-104.0,90665.73,90665.73
540138,2069226,175948,0.0,82,-1526.0,-1541.0,4500.0,4500.0
4441757,2334731,265131,1.0,2,-2458.0,-2466.0,2397.015,2397.015
10666007,1045651,346939,0.0,14,-78.0,-78.0,47.565,47.565
11648855,1137451,450313,1.0,9,-115.0,-135.0,9796.05,9796.05
9099246,1421457,332816,1.0,10,-449.0,-467.0,14588.055,14588.055
1336578,2246921,120642,0.0,20,-640.0,-640.0,1.8,1.8
8650710,1101633,372924,1.0,7,-2333.0,-2344.0,12999.69,12999.69
12157788,2334768,453564,0.0,11,-499.0,-500.0,22667.94,22667.94
4375514,1769874,273517,1.0,3,-477.0,-457.0,56801.79,405.99
11413037,1312342,304482,1.0,2,-670.0,-680.0,3322.71,3322.71
8363101,1513760,305664,1.0,1,-1080.0,-1102.0,4285.89,4285.89
6630760,1469329,210800,0.0,24,-669.0,-684.0,4503.87,168.795
11339567,2543227,382547,0.0,85,-235.0,-235.0,3.645,3.645
9038721,1798369,344015,1.0,1,-268.0,-294.0,8353.62,8353.62
9990686,2371329,322481,1.0,6,-255.0,-270.0,13871.7,13871.7
3946814,2710280,274300,1.0,6,-2767.0,-2767.0,4568.535,4568.535
3631928,1999507,122681,0.0,50,-456.0,-456.0,46.8,46.8
8948535,1373606,352556,1.0,8,-2734.0,-2733.0,8239.185,8239.185
6771452,2452761,277419,1.0,9,-1245.0,-1272.0,11674.35,11674.35
7914348,1062923,384680,1.0,5,-671.0,-679.0,63675.675,63675.675
6394813,1926263,216458,1.0,8,-2484.0,-2491.0,7418.25,7418.25
9266729,1697067,338400,1.0,2,-54.0,-101.0,2278.17,2278.17
1053646,1011212,164000,1.0,18,-903.0,-909.0,22501.98,22501.98
9124862,1041594,324079,0.0,40,-577.0,-576.0,23525.82,23525.82
118400,2508508,128431,1.0,7,-1889.0,-1921.0,39315.375,7.065
2005187,2204005,179124,1.0,6,-2380.0,-2400.0,3071.07,3071.07
6118985,1169312,221482,1.0,16,-790.0,-819.0,11000.835,11000.835
10553999,1317588,343026,0.0,37,-567.0,-571.0,6880.86,6880.86
13166058,2310753,412979,1.0,3,-2485.0,-2515.0,10014.48,10014.48
3930947,1799639,281781,0.0,59,-2131.0,-2144.0,9450.0,9450.0
11040499,2749393,399215,1.0,5,-1094.0,-1102.0,25758.945,25758.945
12886518,1920591,425328,1.0,7,-426.0,-438.0,11168.19,11168.19
8464412,1693503,303555,1.0,1,-841.0,-822.0,9612.99,0.99
10906531,1211052,336970,1.0,16,-2296.0,-2291.0,3972.33,2466.99
12403459,2345369,424959,0.0,169,-360.0,-360.0,4950.0,4950.0
12109031,2220827,403524,1.0,4,-894.0,-899.0,48337.11,48337.11
11063638,1185612,358606,1.0,1,-530.0,-536.0,8095.635,8095.635
11961827,1572210,437321,0.0,4,-771.0,-771.0,49500.0,49500.0
9911111,1335524,347554,1.0,15,-1920.0,-1915.0,8610.12,8537.04
6365698,2465669,204271,1.0,2,-92.0,-128.0,14613.21,14613.21
10045353,2765437,346983,1.0,3,-1803.0,-1857.0,3579.48,3579.48
8792931,1103039,383450,1.0,9,-1790.0,-1803.0,5235.21,5235.21
6346351,2467740,292494,1.0,8,-260.0,-315.0,44358.345,44358.345
2213597,1387277,155642,1.0,4,-12.0,-41.0,22472.775,22472.775
2235111,2627122,160030,1.0,15,-2496.0,-2507.0,3963.6,3963.6
3705689,2571074,166270,1.0,3,-495.0,-512.0,10850.4,10850.4
4709490,1259864,213280,1.0,10,-2077.0,-2088.0,11460.465,1.035
3683446,2628195,153674,2.0,14,-1116.0,-1140.0,57021.21,57021.21
10983664,1417786,329638,2.0,13,-751.0,-769.0,69031.755,92901.06
817054,1127799,146994,0.0,42,-397.0,-397.0,27000.0,27000.0
2689683,2754953,147247,1.0,1,-116.0,-120.0,11375.64,11375.64
7379622,1839167,293751,0.0,59,-1204.0,-1204.0,429.255,429.255
12559190,1156499,404740,1.0,1,-847.0,-869.0,6955.11,6955.11
295478,2639951,135228,1.0,3,-1558.0,-1575.0,8258.355,8258.355
9621151,1964587,387676,1.0,27,-583.0,-587.0,29905.2,29905.2
9509604,1319354,371424,1.0,4,-480.0,-481.0,132861.51,132861.51
8878984,2830891,343493,0.0,111,-286.0,-286.0,218.655,218.655
6441528,1183558,231886,1.0,7,-1618.0,-1722.0,6264.18,6264.18
7216249,2536616,278016,0.0,103,-486.0,-486.0,136.935,136.935
6311375,1011520,259158,3.0,15,-107.0,-107.0,3903.39,3903.39
1347169,2516722,167399,1.0,8,-602.0,-613.0,8555.58,8555.58
596945,2075389,198407,3.0,17,-276.0,-279.0,24092.01,24092.01
7984873,1544943,384913,1.0,1,-149.0,-152.0,5365.755,5365.755
12070831,1319455,407490,0.0,37,-148.0,-148.0,2824.155,2824.155
1339193,2641409,126872,0.0,14,-220.0,-232.0,7872.84,7872.84
5210254,1239931,231294,0.0,90,-916.0,-916.0,259.56,259.56
3141931,1299178,174182,2.0,4,-347.0,-354.0,139889.745,139889.745
5892367,1129983,203611,1.0,2,-1635.0,-1644.0,2954.52,2954.52
2019970,2272523,195440,1.0,3,-227.0,-244.0,21869.73,21869.73
10084912,1233427,380345,0.0,69,-72.0,-72.0,104.625,104.625
2469189,1310357,157126,0.0,68,-416.0,-426.0,13500.0,13500.0
444670,1384811,145817,1.0,17,-134.0,-159.0,14846.22,14846.22
10084770,2842360,371962,1.0,5,-2682.0,-2675.0,2150.775,2129.625
8445654,2506218,358692,0.0,43,-29.0,-29.0,10558.08,10558.08
642861,2593537,145484,1.0,2,-1342.0,-1358.0,6750.45,6750.45
429777,2153838,118492,1.0,10,-43.0,-70.0,11828.34,11828.34
714874,1000724,175229,0.0,61,-157.0,-157.0,424.485,424.485
1434926,1869590,157016,1.0,4,-413.0,-439.0,14903.145,14903.145
8224654,1739158,364138,0.0,14,-270.0,-270.0,2741.175,2741.175
7886540,2390585,313448,0.0,18,-2029.0,-2029.0,2475.0,2475.0
9649680,2486585,342788,16.0,8,-334.0,-356.0,8412.885,112500.0
2767669,1334421,161858,1.0,25,-370.0,-371.0,24970.185,24970.185
11611260,2199677,428427,0.0,16,-2600.0,-2614.0,6750.0,4500.0
8117394,2822174,390715,0.0,10,-259.0,-271.0,37638.945,37638.945
9060953,2721281,399935,1.0,21,-160.0,-173.0,24970.185,24970.185
1962341,1690411,192119,2.0,20,-359.0,-368.0,122130.09,122130.09
7584466,1848846,227062,1.0,16,-593.0,-626.0,9765.99,669.15
12059750,1661103,440306,2.0,4,-710.0,-737.0,407670.66,407670.66
7655744,1775555,388791,1.0,4,-892.0,-910.0,18432.9,18432.9
8313224,2744667,334587,0.0,34,-83.0,-83.0,29257.785,29257.785
11003023,2567678,341536,0.0,96,-40.0,-40.0,562.23,562.23
9070787,2507872,369792,0.0,57,-1937.0,-1948.0,9000.0,9000.0
6936239,2368575,288585,7.0,14,-263.0,-269.0,12297.96,12297.96
4024100,2100575,286978,0.0,10,-92.0,-92.0,735733.17,735733.17
4785328,1665916,217106,1.0,6,-1196.0,-1207.0,19919.925,19919.925
2283374,2183500,160674,2.0,4,-582.0,-594.0,256784.13,256784.13
389558,2824732,161917,1.0,3,-181.0,-190.0,7725.96,7725.96
9195475,1361819,326672,0.0,87,-1383.0,-1383.0,222.66,222.66
11454380,2256104,384385,1.0,3,-1378.0,-1378.0,11531.835,11531.835
4306240,1077205,286826,1.0,13,-1020.0,-1030.0,19918.62,19918.62
6049992,2731361,260623,1.0,11,-391.0,-401.0,20102.4,20102.4
10465819,2794610,383083,2.0,3,-632.0,-631.0,20559.69,20559.69
10784212,1212492,364872,1.0,2,-1995.0,-2001.0,4315.95,4315.95
430452,2242809,150961,0.0,18,-187.0,-206.0,225.0,225.0
10769071,2241463,330942,1.0,6,-306.0,-318.0,9807.48,9807.48
5556194,1013152,207748,0.0,23,-53.0,-65.0,10441.17,10441.17
1469543,2709693,151039,1.0,3,-1979.0,-2016.0,2856.42,2856.42
11050849,2315848,386985,1.0,1,-1521.0,-1539.0,7665.705,7665.705
227283,1260187,125632,1.0,5,-2832.0,-2835.0,4408.425,4408.425
7474105,2010369,274661,1.0,6,-2407.0,-2407.0,4101.255,4101.255
1662032,2741958,182985,1.0,2,-143.0,-148.0,20330.505,20330.505
8747959,1806170,323733,1.0,9,-570.0,-578.0,35586.405,35586.405
3432353,1210794,103052,1.0,1,-804.0,-825.0,5489.19,5489.19
4853152,2014974,254439,1.0,24,-69.0,-72.0,25071.615,25071.615
12297141,1673211,400101,1.0,1,-99.0,-100.0,18259.29,18259.29
5052316,1257684,202989,1.0,3,-2600.0,-2599.0,9385.875,9385.875
12132760,1648018,432874,0.0,37,-443.0,-443.0,4552.38,4552.38
8460880,2525153,360590,1.0,3,-821.0,-821.0,19584.9,19584.9
2134953,2353242,145307,1.0,5,-1417.0,-1418.0,4646.61,4646.61
11403508,2107906,306311,1.0,3,-519.0,-524.0,10189.26,10189.26
12753296,2268043,419941,1.0,3,-1332.0,-1350.0,7311.78,7311.78
2386181,2388547,128167,1.0,3,-963.0,-989.0,11121.885,11121.885
6513070,2396067,223114,1.0,6,-1206.0,-1253.0,5605.245,5605.245
6123258,2794876,217155,1.0,12,-360.0,-358.0,16708.59,16425.0
10042065,2505172,370941,1.0,5,-34.0,-46.0,14718.375,14718.375
13276586,2260336,440613,1.0,4,-121.0,-157.0,20793.915,20793.915
5372695,1615048,241551,0.0,2,-360.0,-360.0,46.485,46.485
12421482,1895335,430010,1.0,3,-2404.0,-2404.0,2381.76,2381.76
3713680,1519014,121805,0.0,53,-1159.0,-1159.0,13.59,13.59
2999032,1595268,121871,2.0,9,-2649.0,-2649.0,4368.825,4368.825
10755973,2070149,374030,0.0,87,-528.0,-528.0,19.665,19.665
13329555,1027333,419900,0.0,48,-2241.0,-2252.0,8100.0,7200.0
8742215,2463675,383214,1.0,7,-69.0,-70.0,10543.725,10543.725
98100,2205100,174008,1.0,3,-776.0,-828.0,6778.395,6778.395
11240400,2665194,334109,1.0,5,-102.0,-104.0,2407.32,2407.32
2678826,1880014,167667,1.0,8,-993.0,-988.0,8538.885,413.145
2033441,2543275,167565,1.0,11,-352.0,-361.0,16144.065,16144.065
8099014,2504448,371552,0.0,21,-24.0,-24.0,282.735,282.735
11720901,2174429,438951,1.0,17,-1014.0,-1019.0,13490.91,13409.145
5439008,1360259,244751,1.0,12,-1962.0,-1978.0,2045.88,2045.88
12185611,2705076,428240,0.0,18,-2429.0,-2429.0,1350.0,1350.0
1556388,1334421,161858,1.0,23,-430.0,-436.0,24970.185,3451.905
10376614,1849393,392865,0.0,31,-1658.0,-1670.0,9000.0,9000.0
4346243,2281097,220322,0.0,51,-102.0,-102.0,812.07,812.07
11288742,1106670,302052,1.0,2,-1515.0,-1541.0,8607.375,8607.375
12030587,1485838,410882,1.0,3,-867.0,-903.0,45838.395,45838.395
4127882,2416376,265194,1.0,7,-465.0,-474.0,39926.835,39926.835
152788,2552323,158682,0.0,3,-322.0,-323.0,8895.78,8895.78
8714924,2593423,317733,1.0,14,-413.0,-429.0,20251.8,48.465
10791253,1230712,343097,1.0,10,-1392.0,-1392.0,6024.06,6024.06
9283188,1728108,308296,1.0,6,-1197.0,-1215.0,5990.4,5990.4
8826260,1972815,338202,1.0,10,-469.0,-474.0,7663.995,7663.995
2963669,2462304,193760,1.0,6,-572.0,-571.0,6195.33,6195.33
5251047,1802285,270221,0.0,89,-1329.0,-1330.0,8100.0,8100.0
4856943,1208192,279531,1.0,3,-1557.0,-1562.0,16405.29,16405.29
2149184,2653317,197644,0.0,45,-1903.0,-1907.0,6750.0,6750.0
8402606,2819523,367474,1.0,3,-92.0,-93.0,17292.465,17292.465
13464774,2208163,454204,1.0,5,-473.0,-474.0,5544.0,5544.0
12512528,1843721,417187,1.0,5,-544.0,-552.0,20390.67,20390.67
6372377,1899492,283133,0.0,115,-1310.0,-1310.0,36900.0,36900.0
7788292,2676129,332225,1.0,4,-388.0,-447.0,4806.225,4806.225
12989848,2611302,424932,1.0,2,-1425.0,-1451.0,3414.645,3414.645
13013127,2382313,448563,1.0,2,-154.0,-191.0,11006.595,2732.31
13108747,2243934,439772,3.0,102,-862.0,-802.0,1350.0,1350.0
5385957,1577700,238307,1.0,3,-2786.0,-2786.0,8797.05,8797.05
7621425,1343926,365817,1.0,6,-2182.0,-2191.0,3562.065,3562.065
2666667,1762479,169085,0.0,40,-1908.0,-1908.0,324.405,324.405
12902441,2088832,406727,1.0,12,-1132.0,-1139.0,7530.345,7530.345
11603061,2774387,409909,0.0,122,-721.0,-721.0,1125.0,1125.0
7414535,2184855,261779,1.0,8,-748.0,-749.0,26472.24,26472.24
7026196,1105335,272803,1.0,29,-1547.0,-1568.0,8305.065,1087.11
6880415,2034791,253319,0.0,64,-1177.0,-1177.0,118.755,118.755
8868885,2235596,306996,1.0,15,-498.0,-505.0,14756.715,14756.715
224196,1648726,171249,1.0,10,-1098.0,-1100.0,17748.675,17748.675
370282,1666075,114421,0.0,57,-2059.0,-2076.0,6750.0,6750.0
11815491,2030034,422686,0.0,27,-427.0,-446.0,2250.0,2250.0
12568558,2179038,452562,1.0,17,-319.0,-347.0,62453.835,62453.835
7802087,1540779,344665,1.0,10,-2384.0,-2388.0,11981.295,11981.295
10736992,2291407,383524,1.0,8,-1133.0,-1134.0,13043.79,13043.79
11654476,2421440,402815,1.0,12,-1979.0,-1986.0,10699.605,10699.605
10627,1293913,197429,1.0,6,-341.0,-352.0,6990.3,6990.3
10162712,1217727,388520,1.0,8,-344.0,-345.0,13046.445,12792.105
12834603,2804154,451187,1.0,6,-1516.0,-1529.0,12302.775,12302.775
2752520,1611253,123912,1.0,5,-151.0,-187.0,1618.56,1618.56
5967630,2445185,289585,1.0,2,-1339.0,-1318.0,4772.925,1.35
4079226,1421450,250092,1.0,5,-66.0,-39.0,4961.43,1970.955
5563893,2028396,253523,0.0,82,-1361.0,-1361.0,162.72,162.72
2676168,1027112,152374,1.0,7,-1578.0,-1582.0,26273.205,26273.205
4798959,1818364,204693,1.0,5,-57.0,-56.0,25227.63,25227.63
13117742,2244173,428864,1.0,3,-143.0,-146.0,15321.15,15321.15
12722156,1060596,440586,0.0,36,-2795.0,-2795.0,5400.0,5400.0
12385322,2733437,419776,1.0,3,-1225.0,-1234.0,9422.46,9397.935
4852445,1054636,233259,0.0,74,-519.0,-519.0,3.51,3.51
1025794,1224732,111269,1.0,15,-2484.0,-2493.0,10894.095,10656.9
8763199,2425045,364648,0.0,71,-438.0,-438.0,139.545,139.545
12814280,1240647,406616,0.0,23,-155.0,-155.0,406.44,406.44
1983306,1277447,164163,1.0,7,-48.0,-53.0,7640.505,7640.505
999249,1125862,151871,1.0,8,-2833.0,-2833.0,12904.695,12904.695
3638203,1011253,136775,1.0,3,-1229.0,-1268.0,3258.135,3258.135
1096781,1848355,197905,1.0,12,-608.0,-608.0,24462.72,24462.72
11881972,2560414,454942,1.0,5,-1216.0,-1223.0,6557.085,6557.085
1037434,1216678,153312,0.0,5,-897.0,-897.0,13165.47,13165.47
1529850,2458943,135167,1.0,9,-2269.0,-2266.0,4786.83,4786.83
7613113,1068804,235127,1.0,9,-784.0,-783.0,20534.715,20534.715
11211141,1336175,314372,0.0,41,-1000.0,-1000.0,639.18,639.18
1249697,1436989,170127,1.0,9,-1462.0,-1449.0,4575.69,3381.21
4494144,2567754,226170,1.0,2,-1438.0,-1446.0,5439.645,5439.645
6086046,1899492,283133,0.0,85,-1734.0,-1734.0,6750.0,6750.0
9856624,2777567,308843,1.0,8,-1600.0,-1623.0,3633.795,639.315
11785098,2793337,434752,1.0,7,-2380.0,-2405.0,21744.45,650.61
5564023,2618233,286230,1.0,4,-2779.0,-2792.0,11023.92,11023.92
2105145,2051884,108267,0.0,131,-1141.0,-1141.0,900.0,900.0
3717528,1151012,192296,1.0,14,-331.0,-339.0,8133.525,8133.525
2260406,1439237,138783,1.0,5,-2586.0,-2597.0,2375.28,2375.28
4790767,2315475,210280,1.0,3,-702.0,-710.0,9878.04,1744.65
4245366,2327960,266507,1.0,3,-2281.0,-2281.0,10751.985,10751.985
488436,1568760,195190,0.0,10,-217.0,-217.0,761.22,761.22
5980773,2120469,227333,1.0,10,-290.0,-297.0,12668.805,12668.805
402547,1590353,160091,1.0,4,-455.0,-456.0,20076.75,20076.75
3871105,1936926,205878,0.0,23,-2205.0,-2207.0,3375.0,3375.0
7160964,2391211,299157,1.0,3,-2758.0,-2757.0,6131.115,6041.115
5905313,1532036,222528,1.0,1,-1351.0,-1365.0,7491.33,7491.33
6079,2486211,141640,2.0,5,-1917.0,-1929.0,33429.24,33429.24
11578441,1335008,435344,1.0,6,-1051.0,-1059.0,35959.905,35959.905
2620054,2537334,134418,1.0,4,-1311.0,-1326.0,3590.055,3590.055
724129,1978496,111875,1.0,8,-1794.0,-1781.0,24395.49,81.18
1691280,1208749,161481,3.0,20,-51.0,-55.0,17556.48,17556.48
2022421,2253855,136877,1.0,2,-486.0,-491.0,18033.21,18033.21
1862531,2437030,111660,1.0,4,-471.0,-464.0,5270.175,646.425
75392,2283478,167743,1.0,14,-93.0,-98.0,9751.455,9751.455
10623562,2817847,370142,0.0,92,-60.0,-60.0,22977.09,22977.09
6506296,2115630,202928,1.0,7,-1602.0,-1603.0,8966.61,8966.61
11874227,2832364,400476,1.0,9,-2321.0,-2324.0,2917.71,2905.335
8873952,1113611,304062,0.0,1,-720.0,-720.0,27000.0,27000.0
4629393,1212481,292676,1.0,3,-2756.0,-2756.0,10231.56,10231.56
7414701,1887839,202041,1.0,1,-1375.0,-1386.0,13105.215,13105.215
7263332,2428369,237569,1.0,16,-396.0,-388.0,7708.32,7708.32
4543836,1899038,243675,1.0,7,-289.0,-297.0,19661.94,19661.94
8018870,1420616,399535,0.0,18,-2202.0,-2201.0,4500.0,4500.0
5008922,1078934,289644,1.0,1,-474.0,-498.0,11649.78,11649.78
8528256,2295249,311352,2.0,12,-147.0,-156.0,53174.88,53174.88
12156944,2509243,433526,1.0,53,-822.0,-824.0,26440.65,26440.65
2891956,1746825,120217,1.0,3,-101.0,-128.0,12584.52,12584.52
11540924,2100898,452033,1.0,11,-2207.0,-2214.0,25755.075,25755.075
1973933,2536051,190803,0.0,25,-2148.0,-2161.0,5625.0,5625.0
8277763,1036047,393393,0.0,6,-113.0,-113.0,245.34,245.34
11744656,1207771,419364,1.0,30,-119.0,-118.0,15649.2,15649.2
7074782,1723149,266924,1.0,2,-705.0,-713.0,44845.38,44845.38
7763403,1846965,324890,1.0,15,-894.0,-894.0,4380.48,4380.48
1576362,2581676,118323,0.0,33,-2104.0,-2112.0,3375.0,3375.0
10664430,2690610,355754,1.0,8,-17.0,-24.0,8532.99,8532.99
12935586,2640967,454029,0.0,8,-2740.0,-2762.0,3375.0,3375.0
7660103,1092292,354609,1.0,10,-1304.0,-1299.0,16292.25,16061.76
7417945,2725916,279057,1.0,14,-98.0,-109.0,70825.545,70825.545
12687496,1745192,417101,0.0,29,-1729.0,-1742.0,6750.0,6750.0
5040823,2260854,227725,1.0,7,-834.0,-859.0,14449.05,14449.05
8742728,2681759,340774,0.0,67,-1327.0,-1327.0,543.42,543.42
8120096,2453002,392097,0.0,1,-660.0,-674.0,2423.115,2423.115
9148371,1875281,319497,0.0,75,-1052.0,-1046.0,3375.0,3375.0
5966354,2260745,294500,1.0,3,-477.0,-523.0,6155.685,6155.685
8393227,1380828,356972,1.0,4,-2179.0,-2189.0,5979.915,5979.915
4437795,2761962,298055,1.0,6,-1304.0,-1326.0,7532.685,7532.685
5974692,1684249,273838,1.0,2,-1654.0,-1667.0,3378.69,3378.69
8866387,2622790,355357,1.0,13,-1191.0,-1215.0,7753.095,7753.095
9235789,2617426,345395,1.0,1,-2729.0,-2729.0,28957.5,28957.5
783070,1252304,165989,1.0,4,-1586.0,-1603.0,17236.485,17236.485
11748802,1739166,407148,0.0,32,-271.0,-271.0,97.38,97.38
9135723,1187226,341944,0.0,24,-296.0,-296.0,245.7,245.7
6458575,2384130,255465,1.0,7,-2076.0,-2091.0,2139.165,2139.165
8395901,1181312,320534,1.0,4,-2262.0,-2265.0,13776.21,13776.21
11799748,2627861,406283,0.0,54,-1522.0,-1530.0,7875.0,7875.0
2831807,1959015,181251,1.0,12,-1926.0,-1921.0,6657.255,6653.835
13579716,1439076,419435,1.0,6,-1710.0,-1723.0,2387.925,2387.925
2021528,2058288,171087,0.0,7,-1926.0,-1932.0,9000.0,9000.0
7451649,2522796,286649,1.0,4,-540.0,-563.0,25996.365,25996.365
2147424,1108683,173901,1.0,2,-2826.0,-2846.0,6217.965,6217.965
2046803,2707974,178896,1.0,8,-450.0,-448.0,28465.38,23198.04
7059771,1543884,247413,1.0,14,-533.0,-544.0,8157.69,8157.69
13556162,1829686,415842,1.0,4,-323.0,-324.0,9255.6,9255.6
5200632,2809412,292346,0.0,30,-1823.0,-1831.0,9000.0,9000.0
2740345,2115673,114988,1.0,2,-1246.0,-1250.0,15972.345,15972.345
8354536,2643970,301282,1.0,2,-2047.0,-2049.0,7064.55,7064.55
1421260,1083564,141350,0.0,40,-2449.0,-2473.0,3375.0,3375.0
4352651,1277819,222383,1.0,14,-682.0,-679.0,50026.005,4107.33
4147096,1974295,215140,0.0,2,-197.0,-197.0,168.66,168.66
10524675,1567692,300146,1.0,7,-153.0,-197.0,30445.515,1185.39
9398502,1079680,399760,1.0,5,-529.0,-563.0,50870.115,2437.425
12597534,1822275,446370,1.0,5,-1439.0,-1430.0,5424.93,5424.93
256365,2610743,124251,0.0,3,-207.0,-207.0,67.5,67.5
1044455,1038940,155736,1.0,1,-315.0,-329.0,5237.37,5237.37
981624,2801637,113452,1.0,2,-665.0,-677.0,5883.48,5883.48
1137677,2487849,194626,0.0,12,-82.0,-91.0,16206.525,16206.525
3233908,2442597,100535,1.0,8,-2005.0,-2008.0,3222.81,3222.81
10201980,1609265,329248,0.0,5,-353.0,-353.0,2352.78,2352.78
11485215,1735945,363374,1.0,6,-1552.0,-1567.0,3337.38,3337.38
1811418,1109797,180236,0.0,3,-396.0,-384.0,11885.76,635.76
4646257,2565047,237073,0.0,38,-1539.0,-1556.0,6750.0,6750.0
5796532,2074639,293552,1.0,6,-445.0,-442.0,19609.065,19609.065
3514680,1472359,101611,0.0,22,-2724.0,-2724.0,450.0,450.0
13588982,1268794,420021,1.0,2,-2216.0,-2230.0,16360.83,16360.83
1192398,1776444,125426,0.0,49,-1849.0,-1849.0,603.405,603.405
12988805,2745245,422736,1.0,2,-1179.0,-1185.0,2909.07,2909.07
5054888,1563251,201474,1.0,4,-161.0,-182.0,13482.945,13482.945
969250,1087742,133404,0.0,151,-1071.0,-1075.0,8100.0,8100.0
5391069,1290133,281650,1.0,2,-2012.0,-2023.0,7732.215,7732.215
11316019,2522893,345897,1.0,2,-584.0,-602.0,14811.255,14811.255
5066876,1770720,284082,1.0,1,-458.0,-460.0,18601.785,18601.785
2116945,2226456,196475,0.0,34,-1371.0,-1375.0,25200.0,25200.0
1333342,1806282,186065,1.0,10,-1288.0,-1304.0,3059.235,3059.235
6750132,1238220,204939,1.0,12,-1533.0,-1538.0,36527.625,36527.625
6326808,1740944,247656,1.0,3,-1042.0,-1050.0,7514.145,7514.145
8431615,2610356,367790,1.0,15,-2287.0,-2287.0,22962.33,22962.33
6177394,2834072,223103,1.0,20,-2202.0,-2205.0,3882.6,3882.6
4501813,1336530,244936,0.0,7,-2293.0,-2306.0,3375.0,3375.0
3248359,1760979,174003,0.0,2,-2154.0,-2154.0,6975.0,6975.0
5104004,2471670,266675,1.0,7,-1935.0,-1965.0,11767.68,12.96
6503582,2524699,260268,1.0,6,-202.0,-203.0,46616.94,46616.94
2659069,2751872,107524,1.0,9,-1598.0,-1612.0,5105.205,5105.205
7683831,2060284,314970,0.0,25,-200.0,-200.0,131.175,131.175
12844846,1604366,445406,1.0,4,-222.0,-222.0,24549.66,24549.66
4451286,1815129,202660,1.0,8,-1146.0,-1150.0,16075.8,16075.8
11800408,1056130,450391,0.0,15,-263.0,-263.0,8100.0,8100.0
10070573,2736518,308782,1.0,18,-1845.0,-1837.0,6971.4,6919.47
12308213,1000895,429235,0.0,106,-1088.0,-1088.0,2700.0,2700.0
753823,1183443,144407,1.0,7,-639.0,-661.0,2622.96,2622.96
6823842,1181988,241453,0.0,25,-35.0,-38.0,2250.0,2250.0
4695002,1214534,257933,2.0,3,-1022.0,-1022.0,24142.86,24142.86
2432355,1110842,193170,2.0,4,-1231.0,-1239.0,76673.61,76673.61
6289490,1815042,286230,1.0,3,-501.0,-591.0,12646.035,12646.035
8323815,2416681,362014,1.0,12,-126.0,-127.0,5035.68,5035.68
5038805,1128557,273933,1.0,1,-295.0,-303.0,3478.005,3478.005
7502604,1067746,235380,2.0,15,-687.0,-686.0,23076.225,23076.225
6927973,1515645,213027,0.0,22,-335.0,-350.0,8823.33,8823.33
6857429,2162360,219878,0.0,12,-942.0,-942.0,19951.47,19951.47
11318269,1156191,390084,1.0,5,-1385.0,-1395.0,6037.38,6037.38
12205762,1824882,455167,1.0,5,-277.0,-285.0,39432.465,39432.465
9002353,1301635,353339,1.0,2,-622.0,-632.0,6259.905,6259.905
7594669,2466146,217695,1.0,9,-562.0,-567.0,13307.49,13307.49
3348863,2417020,147889,0.0,43,-230.0,-230.0,4365.225,4365.225
5460759,2350108,266153,0.0,85,-1153.0,-1153.0,2183.67,2183.67
8156268,2755994,310713,2.0,10,-201.0,-210.0,866034.495,866034.495
3144333,1030985,142000,2.0,10,-1760.0,-1763.0,15194.115,15194.115
1249080,2492796,142568,1.0,3,-2726.0,-2726.0,9720.0,9720.0
5737687,2167781,200139,1.0,5,-2062.0,-2066.0,2203.2,2203.2
1071530,2318339,196672,1.0,10,-159.0,-163.0,16204.815,16204.815
10151191,2610657,335446,1.0,1,-1621.0,-1631.0,6074.82,6074.82
6903005,2017259,263082,1.0,5,-279.0,-280.0,90354.69,90354.69
4392645,2267991,225996,1.0,7,-366.0,-372.0,16279.065,16279.065
6016124,1233506,262232,1.0,15,-2140.0,-2120.0,6475.05,5265.0
5736805,1465684,222367,1.0,10,-284.0,-285.0,51918.435,51918.435
9330110,1257298,325943,1.0,8,-2007.0,-2035.0,9616.95,3921.885
3039621,2512217,177477,1.0,18,-1132.0,-1142.0,7379.865,7379.865
12813192,2560517,418670,0.0,25,-1888.0,-1888.0,2136.15,2136.15
10763410,1664781,339502,1.0,7,-2819.0,-2827.0,4856.445,4856.445
428472,1472779,147066,1.0,8,-786.0,-797.0,22202.145,22202.145
13407619,2661378,443942,1.0,10,-2641.0,-2615.0,2521.71,2224.98
12332329,1267643,452913,1.0,8,-132.0,-146.0,11676.825,11676.825
8475410,1984422,335248,1.0,9,-2098.0,-2113.0,10492.02,10492.02
10201080,1247561,315613,1.0,15,-173.0,-187.0,16197.48,16197.48
3645048,1062430,162088,0.0,78,-1122.0,-1122.0,101.655,101.655
862192,1001758,122569,0.0,21,-2006.0,-1998.0,1890.0,1890.0
6775844,2393269,201677,0.0,75,-409.0,-409.0,447.66,447.66
2542593,2370486,192496,0.0,12,-1211.0,-1211.0,1125.0,1125.0
3693035,1207052,137564,1.0,3,-1682.0,-1722.0,2652.435,2652.435
12156941,2427929,436029,1.0,10,-1582.0,-1595.0,8774.145,8774.145
7835198,2791389,333622,1.0,1,-810.0,-824.0,17521.56,17521.56
1443602,2308032,104936,1.0,6,-2676.0,-2736.0,4499.73,4291.65
10002881,2556289,312307,1.0,16,-546.0,-558.0,41455.125,41455.125
4464554,1515307,248838,1.0,5,-491.0,-490.0,8115.75,8115.75
1535815,1193646,157968,0.0,46,-127.0,-127.0,664.155,664.155
3588743,1383884,108745,0.0,88,-108.0,-108.0,9475.74,9475.74
12187412,1019079,400920,1.0,15,-38.0,-64.0,9309.285,9.18
2597974,2208539,140050,1.0,5,-1688.0,-1694.0,15580.17,15580.17
1889096,1289676,130065,1.0,6,-212.0,-232.0,18205.47,18205.47
11316734,1028860,349836,1.0,9,-592.0,-621.0,13857.21,337.32
10429636,2246713,316444,1.0,5,-1408.0,-1429.0,17769.555,17769.555
6043425,2450894,261670,1.0,7,-31.0,-33.0,4834.26,4834.26
7730299,2075404,379932,1.0,7,-795.0,-810.0,12548.385,12548.385
12480973,1876734,416030,1.0,2,-152.0,-150.0,18018.585,17587.17
5748492,1060482,201006,0.0,15,-2608.0,-2617.0,3375.0,3375.0
1633008,2154053,133946,1.0,5,-481.0,-510.0,59670.045,3872.475
1491535,1614163,124373,1.0,17,-135.0,-153.0,3059.91,3059.91
2260676,2736830,162894,0.0,23,-236.0,-240.0,22006.575,16650.0
9319520,2404105,331244,1.0,6,-1260.0,-1281.0,3471.75,3471.75
8429365,1723098,310440,1.0,2,-1232.0,-1261.0,3286.44,3286.44
10024774,1787241,357362,1.0,3,-849.0,-853.0,26240.895,26240.895
9639175,1169432,356186,1.0,5,-636.0,-646.0,41662.485,41662.485
10613598,2167712,360483,1.0,12,-379.0,-392.0,14871.24,14871.24
7778741,1383096,379732,1.0,5,-652.0,-659.0,10307.655,10307.655
4184929,1107675,219486,0.0,58,-857.0,-857.0,234.405,234.405
5157097,1891374,298781,0.0,9,-2800.0,-2813.0,6750.0,6750.0
4373465,1719772,202215,1.0,2,-1116.0,-1122.0,14326.38,14326.38
10725180,2386847,318661,1.0,9,-764.0,-790.0,10125.9,24.3
6372106,1314241,232038,1.0,4,-873.0,-902.0,3594.06,3594.06
3961595,1914931,253749,0.0,12,-1990.0,-1990.0,383.805,383.805
11888872,2759808,445959,1.0,4,-396.0,-404.0,21192.48,21192.48
12765617,2812368,416017,0.0,11,-629.0,-629.0,2250.0,2250.0
3779998,2329475,165820,1.0,2,-1343.0,-1355.0,7257.6,7257.6
6710592,1678998,287641,1.0,4,-763.0,-775.0,15492.78,15492.78
10632081,1450438,398912,1.0,5,-329.0,-350.0,7415.775,7415.775
5989890,1798434,253404,0.0,126,-81.0,-81.0,46.17,46.17
13557346,1711075,424893,1.0,3,-947.0,-969.0,12180.51,12180.51
8280260,1251468,331591,1.0,7,-2192.0,-2239.0,4244.355,4244.355
10677927,1652464,354765,1.0,7,-1957.0,-1967.0,16248.42,16248.42
8870970,1289850,327745,1.0,24,-770.0,-810.0,6886.98,88.29
3205238,2206888,174550,1.0,4,-1984.0,-2018.0,2491.965,2491.965
9123023,2254333,323275,2.0,4,-455.0,-456.0,20560.545,20560.545
5491954,2829637,259577,1.0,8,-2414.0,-2427.0,2461.05,2461.05
8487575,1710030,313989,1.0,2,-676.0,-721.0,11075.355,11075.355
9532635,1976547,368053,0.0,85,-1237.0,-1237.0,262.845,262.845
3728592,1560060,151564,1.0,1,-2761.0,-2761.0,6034.5,6034.5
12778150,1492916,411465,1.0,4,-362.0,-389.0,8457.975,8457.975
1830647,1314907,176888,3.0,22,-439.0,-441.0,23763.465,23763.465
1233834,2208103,102176,0.0,43,-2116.0,-2124.0,6750.0,6750.0
7119146,2794180,220412,1.0,3,-1697.0,-1701.0,6616.575,6616.575
1383009,2467324,198559,0.0,11,-2432.0,-2432.0,39.645,39.645
6411199,1319903,200892,1.0,9,-268.0,-272.0,36691.47,36691.47
1828641,2612908,198493,1.0,2,-484.0,-485.0,13297.41,13297.41
8092054,2317858,336605,0.0,2,-420.0,-420.0,409.545,409.545
11615869,2496687,423281,1.0,11,-1231.0,-1248.0,8635.995,8635.995
12203744,1705753,430502,1.0,4,-441.0,-440.0,12921.48,12921.48
12860538,1327257,425378,3.0,26,-182.0,-189.0,25125.615,25125.615
11892529,2054547,400577,1.0,15,-597.0,-605.0,48461.85,48461.85
9564806,1490787,322502,1.0,9,-368.0,-387.0,7281.585,7281.585
1194269,1896531,191437,1.0,6,-1970.0,-1986.0,12003.75,12003.75
12289426,1826106,437245,1.0,3,-1158.0,-1171.0,10814.22,10814.22
7140850,1793734,269820,0.0,94,-498.0,-498.0,385.875,385.875
8688338,2075227,320758,6.0,9,-510.0,-527.0,11319.795,11319.795
654395,2776634,128317,1.0,1,-1001.0,-1002.0,14544.225,14544.225
2615132,2159428,140500,1.0,7,-309.0,-365.0,15344.505,15344.505
8115457,2159448,325885,1.0,9,-44.0,-49.0,4668.93,4668.93
12974860,1501188,411747,1.0,16,-298.0,-323.0,14936.4,1576.755
9072986,1391997,318741,1.0,6,-92.0,-102.0,31320.0,31320.0
6260907,1327556,294599,0.0,66,-942.0,-942.0,310.905,310.905
2934941,1054700,108563,0.0,103,-595.0,-595.0,5794.38,5794.38
10251265,2696258,315915,2.0,19,-911.0,-906.0,18421.2,13780.575
7116512,1414898,253340,1.0,16,-614.0,-620.0,8560.8,8560.8
7216080,2628466,225828,1.0,2,-614.0,-621.0,28041.66,28041.66
6662719,2205075,254726,0.0,23,-1014.0,-1014.0,225.0,225.0
4094359,1721758,294516,0.0,41,-1680.0,-1680.0,1800.0,1800.0
7932263,2812281,356864,0.0,4,-452.0,-452.0,183.465,183.465
7999301,2600496,325114,1.0,2,-2509.0,-2524.0,5526.45,5526.45
9972877,2636477,385058,0.0,8,-2716.0,-2733.0,5625.0,5625.0
4377082,1947206,219862,0.0,59,-101.0,-101.0,10.53,10.53
11376420,1705687,388747,1.0,14,-1021.0,-1041.0,22384.98,2465.28
11795563,2440448,439911,1.0,6,-333.0,-360.0,13522.5,13522.5
2501082,2522288,134453,1.0,1,-840.0,-853.0,4011.3,4011.3
679194,1959612,108868,0.0,15,-2091.0,-2099.0,6750.0,6750.0
6835902,2762697,285446,1.0,14,-574.0,-575.0,11059.65,11059.65
7693389,1876870,314056,1.0,2,-1393.0,-1394.0,20135.115,20135.115
4452160,1180048,281711,1.0,2,-1198.0,-1208.0,13700.835,6999.21
6133868,2277683,220978,0.0,65,-1225.0,-1225.0,67.365,67.365
6987293,1368509,272025,0.0,2,-211.0,-211.0,216.675,216.675
10152584,1128042,322201,1.0,9,-517.0,-525.0,13472.1,13472.1
11368606,2432091,370465,2.0,4,-624.0,-636.0,17079.255,17079.255
1797601,2792250,163712,1.0,8,-2297.0,-2329.0,3762.675,3762.675
12699852,2057644,436927,1.0,10,-259.0,-282.0,6474.78,6474.78
7736001,1189505,386662,1.0,1,-1538.0,-1568.0,12131.145,12131.145
12749814,1597048,428021,1.0,1,-1453.0,-1477.0,7534.53,7534.53
586440,2387641,183006,1.0,2,-613.0,-615.0,19172.655,19172.655
6481250,2579735,243542,1.0,4,-1870.0,-1874.0,4906.44,4906.44
11845563,1538476,404062,1.0,5,-1466.0,-1468.0,8386.56,8386.56
11784500,2033659,412025,1.0,21,-318.0,-359.0,28873.17,28873.17
1231020,2701407,121254,0.0,97,-832.0,-832.0,129.15,129.15
12265891,1911654,418295,1.0,7,-1596.0,-1587.0,15862.77,15857.685
10169099,1061824,305827,1.0,6,-334.0,-379.0,11037.105,11037.105
640733,2263034,167259,0.0,93,-991.0,-991.0,249.75,249.75
9787971,1695084,313639,0.0,83,-1144.0,-1144.0,125.055,125.055
11759685,2162538,417818,0.0,14,-2783.0,-2783.0,192.69,192.69
10895206,1362109,353644,1.0,6,-176.0,-191.0,25965.99,25965.99
12170733,2776997,426721,0.0,97,-1453.0,-1453.0,1125.0,1125.0
8270201,1279894,310247,1.0,11,-1147.0,-1154.0,5395.95,5395.95
2671192,1584904,144744,0.0,4,-2364.0,-2370.0,3375.0,3375.0
11664510,2399067,438877,1.0,5,-1927.0,-1922.0,7023.015,7009.38
5071282,1586253,212549,1.0,10,-82.0,-98.0,8185.05,1034.55
1148131,2579746,107108,0.0,15,-2589.0,-2589.0,58.05,58.05
12849062,1597416,417810,1.0,1,-164.0,-179.0,19591.155,19591.155
7556019,1328599,263135,0.0,138,-293.0,-293.0,6750.0,6750.0
1572686,1309078,116407,2.0,4,-2430.0,-2461.0,36770.13,36770.13
10744971,2430434,325708,1.0,7,-669.0,-677.0,21787.605,21787.605
2892652,2239905,185203,1.0,1,-2765.0,-2765.0,13193.55,13193.55
7509127,1780067,291964,2.0,10,-1241.0,-1249.0,8526.15,8526.15
5679511,1042135,204755,1.0,6,-232.0,-243.0,3269.25,3269.25
10674779,1130680,392438,0.0,74,-1276.0,-1276.0,3308.04,3308.04
267753,2704154,180547,1.0,2,-779.0,-792.0,17157.915,17157.915
9424328,1905470,362522,0.0,4,-373.0,-373.0,1578.645,1578.645
4458209,2132830,224997,1.0,10,-1860.0,-1875.0,8058.96,3.96
9908227,1875271,335017,1.0,8,-788.0,-789.0,29610.495,29610.495
2176709,2206878,187711,1.0,5,-783.0,-817.0,2599.47,2599.47
12492356,2445037,420556,0.0,56,-2366.0,-2366.0,280.125,280.125
4261643,1191863,241862,1.0,10,-1079.0,-1081.0,8821.665,8821.665
5024827,1447532,225083,1.0,5,-823.0,-844.0,3590.1,3590.1
11637675,1082674,448781,1.0,1,-583.0,-587.0,20518.875,20518.875
3813529,1077629,203467,1.0,12,-614.0,-617.0,46345.32,46345.32
617362,1620745,184094,1.0,1,-2788.0,-2806.0,2744.55,2744.55
7908026,2775549,305723,1.0,5,-2032.0,-2009.0,15624.18,378.675
13213258,2123017,426358,1.0,7,-1640.0,-1654.0,8938.035,8938.035
8989313,2721240,362277,2.0,2,-1052.0,-1064.0,33272.505,33272.505
12945827,2436542,426198,0.0,19,-401.0,-401.0,13500.0,13500.0
8413365,2327495,386784,1.0,1,-484.0,-495.0,8146.575,8146.575
4391132,1664111,286300,1.0,7,-1867.0,-1869.0,17239.365,17239.365
5786568,1663815,257628,1.0,2,-583.0,-590.0,20953.125,20953.125
12457810,2317150,445073,1.0,9,-73.0,-102.0,5116.86,5116.86
6834441,2558043,291943,1.0,3,-393.0,-436.0,8944.065,8944.065
5435932,1643961,259572,0.0,15,-360.0,-360.0,463322.115,463322.115
266271,1243034,157742,1.0,1,-1118.0,-1141.0,4858.38,4858.38
5885294,1765263,243069,1.0,17,-1923.0,-1918.0,8556.57,8556.57
9118755,2083279,317416,1.0,7,-1454.0,-1454.0,17232.03,17232.03
12833715,1974748,403773,1.0,8,-303.0,-331.0,31638.645,31638.645
4615882,2713859,242359,0.0,11,-1522.0,-1540.0,15750.0,15750.0
9658209,2065759,319069,7.0,13,-238.0,-250.0,15714.855,15714.855
659105,1578185,178235,1.0,3,-404.0,-416.0,6204.105,6204.105
5602489,1557263,252643,1.0,2,-2498.0,-2508.0,16166.385,16166.385
207395,2536218,118786,1.0,1,-677.0,-696.0,13135.365,13135.365
3372698,1118732,135350,1.0,1,-1585.0,-1609.0,4431.78,4431.78
13271272,1110650,429505,1.0,8,-1684.0,-1684.0,15292.665,15292.665
6532068,1991636,233609,2.0,3,-1437.0,-1463.0,2822.94,2822.94
515053,2394148,190018,1.0,6,-688.0,-688.0,4633.335,4633.335
504964,2355248,152250,1.0,3,-1749.0,-1752.0,5555.43,5555.43
12842823,1792491,426847,1.0,7,-386.0,-407.0,33967.98,25789.185
9053223,1984222,394664,0.0,49,-1571.0,-1571.0,475.065,475.065
1835912,2566447,101867,1.0,9,-1389.0,-1407.0,16471.935,16471.935
10393686,1929444,362598,1.0,4,-2239.0,-2258.0,14763.6,14763.6
9149966,1739387,393067,1.0,5,-139.0,-140.0,9053.55,9053.55
11924029,1132379,410765,1.0,27,-18.0,-16.0,17939.61,16369.47
13427366,1568959,424215,0.0,54,-69.0,-69.0,60.75,60.75
8388807,1391231,379291,3.0,20,-510.0,-525.0,4122.135,45.63
12465766,1620288,427751,0.0,42,-1032.0,-1032.0,1125.0,1125.0
12073216,2720100,434063,1.0,9,-241.0,-258.0,6597.0,6597.0
12185314,2532149,437801,1.0,3,-2108.0,-2128.0,4323.51,4323.51
2482660,1779580,147966,1.0,21,-1195.0,-1196.0,16466.58,16466.58
8735598,2588537,358300,1.0,3,-569.0,-615.0,7553.07,7553.07
8212990,1980840,327965,1.0,1,-992.0,-995.0,9410.76,9410.76
11737929,1793129,408277,1.0,6,-637.0,-647.0,12519.045,12519.045
1656470,2038690,163392,0.0,11,-2868.0,-2868.0,225.0,225.0
7896152,1276823,305113,1.0,4,-1617.0,-1623.0,7136.325,7136.325
10647881,1686858,352474,0.0,24,-33.0,-35.0,11771.82,11771.82
11961594,1058814,451211,1.0,9,-1295.0,-1301.0,7243.155,7243.155
4813103,2139072,286368,0.0,41,-1921.0,-1895.0,4050.0,4050.0
5895478,1415132,233219,0.0,111,-772.0,-772.0,321.705,321.705
1247848,2693603,194715,1.0,2,-964.0,-973.0,12556.8,12556.8
397769,2026948,171369,2.0,12,-331.0,-360.0,189633.465,189633.465
11616273,1621295,436103,1.0,3,-145.0,-152.0,20451.105,20451.105
10272802,1441975,399012,1.0,1,-376.0,-386.0,27736.56,27736.56
1094320,1285329,170035,0.0,1,-569.0,-573.0,2250.0,2250.0
6336197,2584664,256289,1.0,1,-134.0,-144.0,27432.315,27432.315
3857716,1962836,229301,1.0,7,-1643.0,-1673.0,23955.525,23955.525
4045938,2374442,207917,1.0,5,-162.0,-187.0,5897.79,5897.79
13582713,2672195,441837,1.0,4,-643.0,-640.0,14223.915,13104.675
4994690,2468901,220606,0.0,42,-1428.0,-1440.0,9000.0,9000.0
2822357,1692372,145638,1.0,21,-770.0,-800.0,9696.6,9696.6
5600933,2665177,205403,1.0,3,-2449.0,-2474.0,4207.275,4207.275
10285147,1151427,361500,0.0,34,-288.0,-290.0,22085.46,22085.46
954822,1852879,145183,1.0,12,-1709.0,-1712.0,3079.62,3079.62
11994239,1176602,438951,1.0,19,-487.0,-489.0,13747.77,13747.77
1577879,2532045,138108,3.0,5,-712.0,-714.0,9152.415,9152.415
9424434,2618946,316383,1.0,3,-2897.0,-2897.0,10993.59,10993.59
4216620,2772878,214481,0.0,27,-771.0,-771.0,599.85,599.85
8028682,2426715,396096,1.0,14,-251.0,-256.0,13912.605,13912.605
2226895,1398854,160469,1.0,6,-500.0,-497.0,9506.52,6020.325
11032475,2517431,330173,1.0,3,-2213.0,-2214.0,7952.22,7952.22
4461245,2407798,231013,1.0,9,-272.0,-277.0,1973.79,1973.79
10502459,1661399,357590,0.0,39,-364.0,-364.0,22500.0,22500.0
10479616,2505516,342714,0.0,89,-84.0,-84.0,1296.405,1296.405
5920688,1620279,257576,1.0,4,-2910.0,-2941.0,6057.09,76.635
10748868,1219461,313716,1.0,17,-334.0,-355.0,75384.0,75384.0
2693366,1513269,109455,1.0,8,-1330.0,-1374.0,2724.165,2724.165
2788942,1681715,106732,0.0,46,-100.0,-100.0,531.315,531.315
5135685,2388698,246910,0.0,106,-1799.0,-1813.0,8100.0,8100.0
7707077,2643875,381954,1.0,7,-636.0,-643.0,47470.86,47470.86
9415579,2099003,382802,1.0,7,-1844.0,-1853.0,6755.355,6755.355
5937363,2751436,208022,1.0,3,-279.0,-280.0,5030.1,5030.1
6454952,2107066,214149,0.0,12,-903.0,-903.0,9000.0,9000.0
12685702,1201526,436626,1.0,2,-416.0,-419.0,35313.075,35313.075
5058121,2594024,216656,1.0,1,-1177.0,-1180.0,21709.125,21709.125
9107885,1568765,390840,1.0,1,-789.0,-819.0,9989.19,9989.19
10995854,2099716,318567,1.0,10,-69.0,-95.0,15960.645,15960.645
2810070,2363879,138047,2.0,1,-118.0,-127.0,65530.665,65530.665
10243448,2173909,319181,1.0,12,-2038.0,-2064.0,12655.845,453.06
13487444,1845734,438125,3.0,7,-115.0,-123.0,12228.66,12228.66
12633363,2336259,454860,1.0,4,-2435.0,-2435.0,10598.94,10598.94
6198224,1162497,230133,1.0,1,-715.0,-718.0,5663.79,5663.79
8321827,2148187,327940,1.0,8,-1078.0,-1181.0,5316.075,5316.075
12762011,1840780,433953,1.0,12,-143.0,-175.0,7827.705,7827.705
3539665,2388397,105475,1.0,4,-627.0,-655.0,5960.52,193.86
10639283,1383010,310245,1.0,1,-2726.0,-2733.0,9910.08,9910.08
12815306,2790301,443923,1.0,1,-1290.0,-1305.0,3034.62,3034.62
3634365,1390275,185530,1.0,2,-408.0,-418.0,9983.925,9983.925
