,SK_ID_PREV,SK_ID_CURR,MONTHS_BALANCE,CNT_INSTALMENT,CNT_INSTALMENT_FUTURE,NAME_CONTRACT_STATUS,SK_DPD,SK_DPD_DEF
5262965,2841850,358210,-11,6.0,4.0,Active,0,0
5738528,2015553,259357,-38,10.0,3.0,Active,0,0
967888,1007124,204102,-11,24.0,20.0,Active,0,0
2352562,1676079,133419,-38,6.0,6.0,Active,0,0
6592465,2116292,338211,-44,24.0,17.0,Active,0,0
3878141,2437886,386774,-21,36.0,30.0,Active,0,0
6279312,2767861,214298,-26,24.0,0.0,Completed,0,0
5732495,1613201,179250,-87,6.0,1.0,Active,0,0
8194739,1689234,398207,-85,10.0,9.0,Active,0,0
7027351,1644250,169351,-30,24.0,11.0,Active,0,0
6800613,2448957,157646,-20,7.0,0.0,Completed,0,0
6782705,1309310,115763,-15,12.0,4.0,Active,0,0
2911171,1980778,231399,-9,12.0,7.0,Active,0,0
5280948,1779293,362187,-17,6.0,4.0,Active,0,0
9653067,2720398,125950,-52,24.0,23.0,Active,0,0
6061661,1331305,303035,-56,24.0,24.0,Active,0,0
230749,1301623,190217,-42,60.0,54.0,Active,0,0
9055230,1176903,378543,-7,10.0,0.0,Active,0,0
2502253,1029797,244642,-33,12.0,12.0,Active,0,0
3700589,2597738,289002,-14,23.0,8.0,Active,0,0
4502423,1337130,364083,-26,36.0,12.0,Active,0,0
5946063,1150122,318650,-50,18.0,14.0,Active,0,0
4879191,2662888,315443,-25,24.0,18.0,Active,0,0
3117152,1673108,173209,-42,24.0,16.0,Active,0,0
7979043,1619818,396825,-13,10.0,0.0,Completed,0,0
8874301,2053127,147385,-1,12.0,1.0,Active,0,0
7830093,2075185,154182,-8,12.0,11.0,Active,0,0
456612,2416063,273368,-46,6.0,6.0,Active,0,0
4346871,1539237,173357,-52,6.0,2.0,Active,0,0
3786663,2002519,436793,-10,35.0,11.0,Active,0,0
7859711,1404466,415676,-4,30.0,14.0,Active,0,0
5690636,1062226,286579,-32,6.0,3.0,Active,0,0
3385931,2103553,368579,-49,12.0,4.0,Active,0,0
1674593,2137080,396135,-35,8.0,0.0,Completed,0,0
3092488,1217769,384988,-27,12.0,11.0,Active,0,0
6744099,2563487,454310,-16,18.0,10.0,Active,0,0
268859,2547519,456144,-11,6.0,2.0,Active,0,0
5023854,1125889,318180,-94,4.0,0.0,Active,0,0
2690578,1418419,229760,-12,24.0,13.0,Active,0,0
5726444,2100639,206580,-19,12.0,12.0,Active,0,0
4031139,2070502,185397,-23,7.0,4.0,Active,0,0
3544701,2426494,276500,-9,54.0,42.0,Active,0,0
2453828,2104174,377303,-76,12.0,11.0,Active,0,0
6765239,1923865,383264,-24,4.0,0.0,Completed,0,0
5810552,2522874,350558,-10,6.0,2.0,Active,0,0
9307283,2082757,257572,-71,12.0,3.0,Active,0,0
9541034,1595271,141106,-4,12.0,2.0,Active,0,0
8091158,1730594,396383,-11,24.0,2.0,Active,0,0
5090653,1020793,211928,-85,8.0,3.0,Active,0,0
6687521,2644794,281063,-14,12.0,10.0,Active,0,0
7566716,1212736,152366,-54,11.0,7.0,Active,0,0
3541205,2509762,370851,-25,36.0,31.0,Active,0,0
6448445,1864649,423633,-36,24.0,24.0,Signed,0,0
2755988,1569367,159527,-34,18.0,15.0,Active,0,0
2522140,2138598,107433,-15,12.0,12.0,Active,0,0
4051956,2821980,108037,-43,12.0,10.0,Active,0,0
5636462,1237144,219623,-21,6.0,0.0,Completed,0,0
3265297,2486148,189431,-88,5.0,1.0,Active,0,0
3733190,2570466,414095,-15,60.0,57.0,Active,0,0
4424144,1405987,313792,-9,24.0,18.0,Active,0,0
5223024,1946992,331359,-54,10.0,3.0,Active,0,0
2882400,1153568,106513,-11,36.0,16.0,Active,0,0
4244739,1329423,434793,-6,24.0,19.0,Active,0,0
1978867,2153873,442136,-28,6.0,3.0,Active,0,0
3675574,2016083,230267,-48,12.0,10.0,Active,0,0
8976127,1985675,417252,-16,10.0,9.0,Active,0,0
2505620,1026341,416096,-85,8.0,4.0,Active,0,0
9940167,1421076,393609,-59,18.0,7.0,Active,0,0
299286,2773091,164819,-43,36.0,34.0,Active,0,0
7792580,2331467,222861,-4,12.0,9.0,Active,0,0
753871,2647778,443046,-76,12.0,12.0,Active,0,0
7285175,1305220,435135,-6,12.0,0.0,Completed,0,0
5806423,1035717,104033,-48,6.0,4.0,Active,0,0
2960867,1435205,441517,-7,36.0,20.0,Active,0,0
3310146,1112432,388668,-20,12.0,0.0,Active,0,0
1174058,1739713,225567,-26,24.0,21.0,Active,0,0
699484,2841837,305133,-7,12.0,12.0,Active,0,0
1594504,2755117,387019,-19,36.0,31.0,Active,0,0
5613964,1772097,266039,-27,10.0,9.0,Active,0,0
1030203,2416910,355868,-62,10.0,2.0,Active,0,0
9325781,1217219,389006,-19,6.0,1.0,Active,0,0
4068414,2248112,184218,-20,18.0,18.0,Active,0,0
8793244,2209987,317993,-65,21.0,20.0,Active,0,0
6976947,2203684,148012,-49,18.0,2.0,Active,0,0
1281029,2261687,276828,-94,10.0,0.0,Completed,0,0
6764328,1780504,139382,-12,6.0,6.0,Active,0,0
8912532,2070059,156046,-9,12.0,9.0,Active,0,0
7693710,1430954,319943,-45,6.0,5.0,Active,0,0
9032716,2675939,406741,-89,10.0,9.0,Active,0,0
9498126,2107855,304233,-3,24.0,9.0,Active,0,0
928963,1944981,266907,-75,12.0,11.0,Active,0,0
1542476,2397375,284324,-92,5.0,2.0,Active,0,0
3932169,1302381,448821,-18,24.0,9.0,Active,0,0
2876771,1032591,316694,-82,12.0,12.0,Active,0,0
2833189,2462854,216585,-88,1.0,0.0,Active,0,0
5658968,1384352,425312,-24,18.0,12.0,Active,0,0
5336658,2593247,189496,-45,12.0,3.0,Active,8,0
600785,2809844,303341,-74,24.0,13.0,Active,0,0
4916554,2644987,232136,-8,36.0,11.0,Active,0,0
3942500,2588601,124762,-25,54.0,47.0,Active,0,0
8145499,1448796,400068,-59,16.0,14.0,Active,0,0
4466559,2765581,315784,-45,12.0,10.0,Active,0,0
1211243,1970200,191958,-41,18.0,18.0,Active,0,0
831080,1551110,193998,-15,30.0,23.0,Active,0,0
5882273,2118771,126427,-48,12.0,11.0,Active,0,0
2372084,1319947,107791,-25,24.0,17.0,Active,0,0
65638,1880087,151439,-8,6.0,2.0,Active,0,0
3369847,1593493,431653,-8,12.0,1.0,Active,0,0
3777730,1420642,159684,-24,36.0,28.0,Active,0,0
566615,1237091,186942,-34,48.0,35.0,Active,0,0
1607646,2029780,240768,-23,36.0,28.0,Active,0,0
3290371,2729799,343918,-26,12.0,10.0,Active,0,0
8016055,1648295,202316,-3,10.0,10.0,Active,0,0
8911386,1561070,211514,-5,6.0,1.0,Active,0,0
8799657,1621649,375371,-12,12.0,6.0,Active,0,0
4883474,2200242,246550,-27,36.0,32.0,Active,0,0
4305118,1159542,355040,-15,18.0,17.0,Active,0,0
9906241,2228322,288519,-68,11.0,8.0,Active,0,0
377430,1495816,211660,-13,48.0,28.0,Active,0,0
4616524,2016313,279802,-45,24.0,3.0,Active,0,0
9145271,2087735,282303,-42,10.0,4.0,Active,0,0
1559678,2596365,370181,-21,12.0,6.0,Active,0,0
8848549,2446658,271547,-66,12.0,2.0,Active,0,0
3012820,1993992,314909,-24,24.0,24.0,Active,0,0
6519938,1684776,182996,-5,12.0,3.0,Active,0,0
1862939,1371567,175980,-14,12.0,5.0,Active,0,0
5692861,1744352,283243,-30,12.0,7.0,Active,0,0
2240059,2224232,169486,-24,60.0,59.0,Active,0,0
7065668,1398849,339904,-83,12.0,1.0,Active,0,0
7802874,2189640,450874,-82,12.0,0.0,Active,0,0
3940627,2716853,362120,-26,30.0,20.0,Active,0,0
7237538,1077691,112492,-10,24.0,13.0,Active,0,0
8887397,1392657,281941,-9,12.0,4.0,Active,0,0
4661735,1450023,226338,-29,18.0,16.0,Active,0,0
4946777,1782644,328217,-91,10.0,1.0,Active,0,0
7711670,1136185,342906,-43,8.0,8.0,Signed,0,0
5996871,1798750,315088,-62,11.0,9.0,Active,0,0
9647935,1910157,245015,-3,12.0,0.0,Completed,0,0
229435,1774565,169290,-40,12.0,8.0,Active,0,0
8455858,1136529,326990,-47,10.0,10.0,Active,0,0
4639576,2619026,207696,-14,12.0,10.0,Active,0,0
7710243,1450439,417657,-26,24.0,9.0,Active,0,0
5564736,2703808,106463,-18,24.0,21.0,Active,0,0
8261727,1948912,399248,-16,12.0,10.0,Active,0,0
9950439,2783376,359827,-60,18.0,3.0,Active,0,0
4904238,1891072,174243,-87,10.0,10.0,Active,0,0
2819399,1896368,302084,-26,24.0,7.0,Active,0,0
5888302,1369951,318522,-79,24.0,10.0,Active,0,0
4956681,1368489,307572,-12,30.0,25.0,Active,0,0
9347891,2354229,185823,-26,12.0,11.0,Active,0,0
7664848,1751666,227425,-35,12.0,0.0,Completed,0,0
8742048,2760071,318562,-33,18.0,18.0,Active,0,0
7472301,1921432,348719,-59,12.0,9.0,Active,0,0
940112,2659163,189393,-16,24.0,20.0,Active,0,0
2853082,1925249,179936,-83,6.0,0.0,Completed,0,0
9419384,1099807,351930,-65,12.0,4.0,Active,0,0
2690726,1646525,306406,-24,12.0,11.0,Active,0,0
6767593,2565533,363963,-36,6.0,1.0,Active,0,0
5521436,2706503,361407,-80,10.0,1.0,Active,0,0
5998717,1857158,452798,-6,12.0,7.0,Active,0,0
7564172,1962644,333103,-84,8.0,0.0,Active,573,0
6386338,1364415,189332,-41,10.0,0.0,Completed,0,0
8091647,2664936,153514,-28,24.0,9.0,Active,0,0
9312337,2776156,301159,-65,10.0,0.0,Active,377,0
2591964,1982861,408776,-14,12.0,8.0,Active,0,0
1213410,1365629,359279,-40,12.0,0.0,Active,0,0
9329529,1664340,175420,-65,24.0,14.0,Active,0,0
2410079,1887482,300393,-31,12.0,5.0,Active,0,0
8642576,2564366,335493,-11,10.0,10.0,Active,0,0
3989890,1143461,130550,-9,12.0,12.0,Active,0,0
4274620,2076113,406761,-48,12.0,12.0,Active,0,0
1684122,1415341,118927,-15,6.0,1.0,Active,0,0
4898768,2601715,381444,-53,14.0,10.0,Active,0,0
3034862,1982647,170874,-87,4.0,0.0,Active,0,0
9046579,2119106,193289,-7,2.0,0.0,Completed,0,0
134000,2275799,165026,-11,24.0,20.0,Active,0,0
743974,1843812,425260,-79,10.0,2.0,Active,0,0
1379379,1914345,279590,-7,36.0,25.0,Active,0,0
7227772,1056909,183063,-90,12.0,12.0,Active,0,0
6384948,1146964,280137,-43,12.0,1.0,Active,0,0
2517847,1801477,312874,-32,12.0,5.0,Active,0,0
1335151,2800333,224393,-50,18.0,14.0,Active,0,0
3347479,1270327,210742,-87,4.0,0.0,Completed,0,0
2552920,2323215,430400,-12,36.0,16.0,Active,0,0
4887518,2681263,256203,-17,36.0,36.0,Active,0,0
7222285,2675102,201066,-18,24.0,1.0,Active,0,0
2063232,2813133,450064,-38,30.0,18.0,Active,0,0
3975735,2803489,178984,-12,12.0,1.0,Active,0,0
5839825,2552925,439922,-34,11.0,0.0,Completed,0,0
3895076,2833293,440732,-12,24.0,12.0,Active,0,0
3434147,2673825,111340,-11,6.0,2.0,Active,0,0
9160564,2368714,123279,-35,24.0,11.0,Active,0,0
4547053,2698211,305166,-19,6.0,2.0,Active,0,0
7706769,2717078,406758,-84,10.0,6.0,Active,0,0
5115937,2177479,144760,-54,6.0,3.0,Active,0,0
9295285,2092525,384601,-74,11.0,9.0,Active,0,0
405308,2095886,196970,-2,24.0,19.0,Active,0,0
9180172,2173863,346985,-8,10.0,0.0,Completed,0,0
7911504,1155298,210221,-29,10.0,10.0,Active,0,0
2487242,1444596,260914,-42,12.0,6.0,Active,0,0
9582280,1610904,257988,-18,6.0,1.0,Active,0,0
3347011,2480619,104986,-69,11.0,5.0,Active,0,0
8497914,1490174,394556,-9,12.0,11.0,Active,0,0
1301852,1368431,401427,-6,36.0,18.0,Active,0,0
7781124,2127413,373802,-53,7.0,5.0,Active,0,0
6973809,2532351,275389,-64,5.0,3.0,Active,0,0
7799586,1956193,204607,-74,10.0,0.0,Completed,0,0
1638676,2243608,210005,-3,18.0,1.0,Active,0,0
5102829,1410967,288058,-11,1.0,0.0,Completed,0,0
4569274,1715725,306588,-53,9.0,6.0,Active,0,0
4661985,1991487,312780,-56,8.0,2.0,Active,0,0
3767248,1605211,313353,-36,24.0,23.0,Active,0,0
9273951,1389095,349834,-85,12.0,9.0,Active,0,0
9042702,2307669,302073,-74,5.0,5.0,Active,0,0
351541,2345081,211604,-4,54.0,36.0,Active,0,0
4089093,2239699,135020,-84,8.0,0.0,Completed,0,0
8557703,2807304,450429,-17,10.0,10.0,Active,0,0
6469557,2140811,352094,-35,48.0,32.0,Active,0,0
9779793,2119649,326594,-80,12.0,12.0,Active,0,0
5353251,1276778,187592,-92,4.0,0.0,Active,0,0
7573746,1792793,428448,-4,12.0,11.0,Active,0,0
5298781,1467430,420141,-13,24.0,19.0,Active,0,0
1598654,1334129,151865,-4,60.0,33.0,Active,0,0
4797760,2707724,447235,-41,16.0,15.0,Active,0,0
364582,1249601,369505,-6,18.0,13.0,Active,0,0
1221338,2068002,258638,-6,60.0,42.0,Active,0,0
4922698,1456272,394795,-71,11.0,5.0,Active,0,0
8511101,1668972,448059,-33,30.0,28.0,Active,0,0
1593873,1822165,410322,-28,18.0,17.0,Active,0,0
2082164,2314191,389652,-21,6.0,4.0,Active,0,0
641152,1768953,424957,-68,12.0,9.0,Active,0,0
5114880,1735943,393137,-54,12.0,8.0,Active,0,0
368989,2819379,350338,-4,54.0,33.0,Active,0,0
2741767,1660953,443140,-18,60.0,55.0,Active,0,0
3114863,2508095,211812,-27,12.0,9.0,Active,0,0
5165941,2256863,332921,-33,10.0,9.0,Active,0,0
1236770,2658706,317901,-46,6.0,1.0,Active,0,0
317521,2826749,205819,-22,10.0,4.0,Active,0,0
2499119,1619884,427747,-16,12.0,12.0,Active,0,0
7592503,1221309,150465,-61,42.0,16.0,Active,0,0
4394014,1121184,179764,-15,48.0,41.0,Active,0,0
9263918,2768244,197669,-46,36.0,0.0,Completed,0,0
78038,2334832,376809,-19,24.0,21.0,Active,0,0
1656416,2143130,146995,-11,36.0,13.0,Active,0,0
5374603,2304670,396139,-16,6.0,2.0,Active,0,0
4228149,2079106,135863,-25,24.0,22.0,Active,0,0
3263865,2586953,419997,-55,6.0,3.0,Active,3,3
5047244,2765740,314256,-18,12.0,12.0,Active,0,0
992430,1715290,182653,-10,24.0,12.0,Active,0,0
5121232,1894661,403211,-28,42.0,37.0,Active,0,0
6390325,1210767,422501,-45,24.0,17.0,Active,0,0
3353471,2687579,304937,-29,48.0,48.0,Active,0,0
2186572,2149656,140713,-34,10.0,8.0,Active,0,0
1358343,1626278,170222,-34,12.0,10.0,Active,0,0
8774971,1976370,106418,-35,36.0,29.0,Active,0,0
3735300,2696825,316941,-48,24.0,17.0,Active,0,0
6294667,2628088,388834,-8,12.0,8.0,Active,0,0
9500425,1562758,323242,-3,24.0,6.0,Active,0,0
7738330,1811786,110906,-59,24.0,1.0,Active,0,0
4287565,1334407,370942,-93,10.0,3.0,Active,0,0
131621,2459977,196789,-59,12.0,12.0,Active,0,0
3950176,2597784,206180,-84,8.0,5.0,Active,0,0
8370878,1499713,330663,-68,6.0,1.0,Active,0,0
6370511,2641658,212837,-36,18.0,4.0,Active,0,0
2073361,1591387,265240,-50,8.0,4.0,Active,0,0
931655,1895930,107001,-8,36.0,34.0,Active,0,0
8055669,2733628,341906,-67,18.0,17.0,Active,0,0
9870776,2681796,282102,-36,24.0,9.0,Active,0,0
6117091,1518628,238586,-34,12.0,8.0,Active,0,0
702557,1937849,108092,-40,36.0,33.0,Active,0,0
7262039,1947616,211454,-4,4.0,3.0,Active,0,0
4407878,1335552,240422,-53,4.0,3.0,Active,0,0
3068242,1161034,264219,-16,10.0,7.0,Active,0,0
2845808,1747652,170889,-27,12.0,6.0,Active,0,0
8481794,1449937,427651,-25,18.0,16.0,Active,0,0
6963866,2053333,379676,-33,24.0,14.0,Active,0,0
3390042,1666938,294146,-13,12.0,4.0,Active,0,0
3734096,1230529,254126,-13,60.0,55.0,Active,0,0
2062929,2463207,199870,-24,12.0,2.0,Active,0,0
3602596,1487079,278858,-21,48.0,37.0,Active,0,0
9044976,1055314,424166,-81,7.0,6.0,Active,0,0
9740254,1489704,258811,-3,24.0,6.0,Active,0,0
2109343,2318292,454807,-21,12.0,8.0,Active,0,0
1506180,1584866,207774,-35,4.0,4.0,Active,0,0
6151534,2683057,421132,-55,12.0,7.0,Active,0,0
5003705,1799327,152865,-39,6.0,3.0,Active,0,0
2804474,2256585,335010,-84,8.0,4.0,Active,0,0
2927080,1008719,361362,-42,24.0,22.0,Active,0,0
5379434,2689644,398111,-35,12.0,12.0,Active,0,0
2186652,2178511,255769,-8,24.0,20.0,Active,0,0
5831145,2073590,220043,-65,5.0,4.0,Active,0,0
9053315,2769657,419762,-75,12.0,10.0,Active,0,0
1084866,1984305,372601,-16,12.0,7.0,Active,0,0
1096734,1125789,366196,-51,9.0,5.0,Active,0,0
9167724,2291955,314207,-43,6.0,5.0,Active,0,0
3169888,1933676,288466,-86,12.0,6.0,Active,0,0
5013272,1229476,422004,-95,12.0,5.0,Active,0,0
4090754,2513749,100586,-52,12.0,4.0,Active,0,0
4583101,2214202,183015,-33,10.0,4.0,Active,0,0
1228215,1896032,446576,-43,36.0,33.0,Active,0,0
1331582,2558229,222506,-70,6.0,1.0,Active,0,0
4714673,1261150,143935,-69,11.0,10.0,Active,0,0
918310,1873523,336778,-12,36.0,10.0,Active,0,0
7447272,1157402,369049,-5,6.0,5.0,Active,0,0
422952,2671101,314785,-26,36.0,34.0,Active,0,0
7390002,2479391,220963,-4,6.0,4.0,Active,0,0
4028704,2070332,442497,-16,12.0,10.0,Active,0,0
7069458,1765671,281694,-6,10.0,7.0,Active,0,0
3039696,1359221,188452,-24,14.0,10.0,Active,0,0
3798952,2023792,356538,-41,6.0,6.0,Active,0,0
7652283,2464003,257910,-88,8.0,0.0,Active,0,0
2653092,1789491,312100,-72,60.0,52.0,Active,0,0
7867678,1161925,445290,-87,10.0,3.0,Active,0,0
6961023,1780562,432275,-30,36.0,35.0,Active,0,0
650331,1926081,320625,-67,12.0,12.0,Active,0,0
1494894,1723138,127342,-7,24.0,12.0,Active,0,0
1943774,1541720,431342,-46,5.0,5.0,Signed,0,0
6815233,1103531,183349,-5,12.0,3.0,Active,0,0
8677003,2580842,178586,-75,6.0,0.0,Active,230,0
7091563,2463264,336033,-62,6.0,5.0,Active,0,0
1808750,1214644,367283,-15,18.0,11.0,Active,0,0
1102029,2603826,219276,-22,24.0,23.0,Active,14,14
4928103,2408479,437969,-56,6.0,4.0,Active,0,0
1996721,1692386,278139,-12,18.0,11.0,Active,0,0
6746282,1141919,161799,-22,12.0,7.0,Active,0,0
4921982,1065077,449575,-4,24.0,8.0,Active,0,0
3950328,1543033,318983,-54,24.0,20.0,Active,0,0
35366,1127649,378002,-39,24.0,13.0,Active,0,0
2355987,1820932,116976,-52,12.0,4.0,Active,0,0
68363,2290826,114826,-9,60.0,25.0,Active,0,0
4691227,1701458,421723,-30,10.0,4.0,Active,0,0
7722703,1287584,196337,-72,7.0,6.0,Active,0,0
9833889,2664202,203457,-7,24.0,24.0,Active,0,0
7304280,1057003,234352,-1,12.0,6.0,Active,0,0
4725860,2180269,357307,-78,12.0,1.0,Active,0,0
398898,1522531,143661,-3,10.0,0.0,Active,0,0
4905779,2430091,305721,-72,12.0,0.0,Active,0,0
9585290,2601638,327986,-54,12.0,1.0,Active,0,0
8103784,1675436,289278,-5,24.0,17.0,Active,0,0
9213295,1334055,265160,-3,12.0,9.0,Active,0,0
4560627,1319066,395586,-82,10.0,8.0,Active,0,0
4136231,1261918,190634,-8,36.0,28.0,Active,0,0
7287714,1189482,119040,-59,12.0,4.0,Active,0,0
9971874,2818581,109286,-51,12.0,0.0,Active,0,0
1708154,2100444,125797,-15,24.0,13.0,Active,0,0
6955174,1521693,314277,-66,24.0,5.0,Active,0,0
4874284,2096510,429773,-25,10.0,7.0,Active,0,0
3423851,1315229,161341,-53,10.0,2.0,Active,0,0
2520841,2552568,151567,-39,13.0,0.0,Active,0,0
2277097,1520462,240490,-3,12.0,4.0,Active,0,0
7614481,1622685,262202,-13,6.0,1.0,Active,0,0
2695935,1243155,210222,-82,10.0,9.0,Active,0,0
9953977,2386464,312693,-53,6.0,5.0,Active,0,0
7782858,1122463,391101,-48,12.0,11.0,Active,0,0
7163619,2738458,367052,-60,6.0,0.0,Completed,0,0
867327,2397936,371000,-14,24.0,4.0,Active,0,0
9738466,1281437,285808,-6,24.0,9.0,Active,0,0
6261925,2474870,105125,-23,14.0,8.0,Active,0,0
1918816,1604747,224614,-15,18.0,18.0,Active,0,0
4621865,2213604,251139,-13,18.0,14.0,Active,0,0
9003706,2384753,385540,-58,6.0,3.0,Active,0,0
227445,1131531,131781,-13,42.0,40.0,Active,0,0
4796457,2194480,329395,-30,37.0,27.0,Active,23,23
3553027,1043091,144940,-1,18.0,13.0,Active,0,0
1336402,2842412,300547,-63,12.0,4.0,Active,0,0
924615,2585460,268782,-20,42.0,33.0,Active,0,0
2458920,1894450,158232,-20,48.0,44.0,Active,0,0
7668063,2048831,160130,-48,11.0,6.0,Active,0,0
2763155,2029371,319603,-66,9.0,6.0,Active,0,0
9086459,1490266,151081,-27,24.0,10.0,Active,0,0
5126561,2713228,426149,-18,10.0,5.0,Active,0,0
3334283,1354599,299593,-26,24.0,17.0,Active,0,0
5258908,1650912,178330,-24,5.0,5.0,Active,0,0
1455270,1361055,348383,-78,8.0,8.0,Active,0,0
7179293,2652347,369120,-92,10.0,0.0,Active,150,0
1321649,2448821,306948,-44,12.0,1.0,Active,0,0
949393,2347981,423654,-43,24.0,13.0,Active,0,0
6010466,2618979,417021,-4,36.0,29.0,Active,0,0
4519055,2618953,369398,-6,36.0,30.0,Active,0,0
2385225,1141348,310513,-19,36.0,28.0,Active,0,0
6020178,2241442,362371,-30,24.0,18.0,Active,0,0
812132,2673368,257898,-27,24.0,14.0,Active,0,0
6543621,2662580,161254,-31,24.0,0.0,Completed,0,0
1249864,2666193,259319,-40,10.0,4.0,Active,0,0
7213492,1332727,452795,-34,18.0,18.0,Active,0,0
2287233,1455730,328184,-63,12.0,10.0,Active,0,0
1487347,2183568,379239,-19,4.0,0.0,Completed,0,0
3842880,2773511,420566,-67,11.0,8.0,Active,0,0
3132814,2594059,419482,-24,6.0,6.0,Active,0,0
5620837,1623053,230531,-41,12.0,12.0,Active,0,0
1341452,1101097,321960,-42,6.0,1.0,Active,0,0
8638570,1798801,139828,-51,60.0,33.0,Active,0,0
2768774,1319934,211923,-4,36.0,26.0,Active,0,0
4348846,1003944,328478,-14,12.0,11.0,Active,0,0
4747568,2405270,275351,-9,36.0,36.0,Active,0,0
8742792,1084809,141763,-76,10.0,3.0,Active,0,0
3636651,1985776,369630,-25,36.0,31.0,Active,0,0
8946535,1473922,154971,-70,8.0,2.0,Active,0,0
7329731,2354167,435571,-22,12.0,0.0,Completed,0,0
4700173,1334325,360345,-89,10.0,5.0,Active,13,0
5718944,1320325,175218,-11,6.0,2.0,Active,0,0
8407186,2440076,355945,-91,6.0,0.0,Active,0,0
1622511,1861954,330275,-15,12.0,5.0,Active,0,0
9103340,1953973,418462,-71,24.0,22.0,Active,0,0
2825158,2825110,352425,-27,24.0,23.0,Active,0,0
6830328,2495508,372370,-72,24.0,24.0,Approved,0,0
1397764,1112929,263635,-51,12.0,3.0,Active,0,0
5895336,1959012,200581,-52,10.0,6.0,Active,0,0
3461277,1960268,432218,-48,21.0,4.0,Active,0,0
4977042,2717588,383327,-64,8.0,0.0,Active,0,0
3677003,1474750,214554,-28,6.0,0.0,Completed,0,0
5521419,1489498,373403,-35,6.0,5.0,Active,0,0
7796365,2793189,332347,-79,6.0,6.0,Active,0,0
593648,1359248,372655,-8,15.0,0.0,Completed,0,0
8158091,2001457,246682,-15,36.0,34.0,Active,0,0
9248810,1032803,131436,-51,6.0,6.0,Active,0,0
8821475,2350053,193187,-22,18.0,1.0,Active,0,0
9787412,1262742,271257,-41,16.0,16.0,Active,0,0
7719047,2205960,264482,-65,6.0,5.0,Active,0,0
1013972,1846909,369417,-8,12.0,0.0,Completed,0,0
3518870,2806427,430942,-33,12.0,0.0,Completed,0,0
6381769,1270395,412223,-29,24.0,21.0,Active,0,0
8451577,1467948,122092,-88,10.0,3.0,Active,0,0
2982458,2563238,147827,-41,36.0,22.0,Active,0,0
4168255,1485543,236059,-26,18.0,18.0,Active,0,0
5645707,2403337,272913,-38,18.0,0.0,Completed,0,0
4972185,1963929,318094,-71,11.0,7.0,Active,0,0
8478488,2364028,227488,-19,18.0,18.0,Active,0,0
828189,1519127,318476,-91,6.0,0.0,Active,0,0
581836,1603522,243563,-76,8.0,3.0,Active,0,0
6557540,2468864,181521,-8,12.0,4.0,Active,0,0
857063,2199283,227934,-35,3.0,0.0,Completed,0,0
6289577,2238547,263518,-27,12.0,10.0,Active,0,0
2218960,1493298,347048,-5,24.0,10.0,Active,0,0
1870017,1714536,140968,-95,6.0,5.0,Active,0,0
7788373,1377154,427912,-52,12.0,10.0,Active,0,0
9801115,1330964,429502,-13,14.0,3.0,Active,0,0
6709236,2243238,402388,-62,12.0,0.0,Active,1917,0
5279372,1666164,109612,-14,18.0,7.0,Active,0,0
3646816,2398015,121508,-17,24.0,14.0,Active,0,0
384813,2789854,203570,-20,36.0,28.0,Active,0,0
2532731,2168486,250199,-11,24.0,24.0,Active,0,0
7093238,2366892,325065,-66,30.0,15.0,Active,0,0
1348597,1176968,214719,-66,12.0,10.0,Active,0,0
7834713,2350326,445718,-79,12.0,10.0,Active,0,0
958187,2830987,422697,-34,60.0,54.0,Active,0,0
8060422,2048744,379034,-19,4.0,4.0,Active,0,0
8858813,2478535,392816,-22,24.0,15.0,Active,0,0
2968616,1311617,338075,-2,6.0,1.0,Active,0,0
1026970,2225074,192376,-31,12.0,9.0,Active,0,0
7741142,1184713,374925,-6,6.0,5.0,Active,0,0
1225086,2447835,167440,-42,10.0,5.0,Active,0,0
4999006,2054055,126689,-27,12.0,6.0,Active,0,0
8962533,2106542,261603,-44,6.0,6.0,Active,0,0
3591373,2260195,149194,-46,9.0,6.0,Active,0,0
6416584,2481742,417890,-16,12.0,10.0,Active,0,0
8323573,2403898,313833,-9,12.0,3.0,Active,0,0
7794035,1770353,167963,-22,12.0,2.0,Active,0,0
5554757,1645246,244893,-84,8.0,6.0,Active,0,0
5436424,2085727,247593,-46,18.0,4.0,Active,0,0
6035022,1418299,253672,-30,10.0,9.0,Active,0,0
8925982,1979232,309483,-71,30.0,22.0,Active,0,0
2869153,2613602,291074,-17,6.0,5.0,Active,0,0
6471206,1532498,122896,-52,24.0,3.0,Active,0,0
1076035,2300770,384675,-18,36.0,30.0,Active,0,0
3999668,1980679,184946,-91,8.0,7.0,Active,0,0
4950150,1118532,429308,-55,15.0,10.0,Active,0,0
5487200,1273912,172284,-5,48.0,29.0,Active,0,0
117128,2173672,216561,-12,12.0,12.0,Active,0,0
4190655,1347493,207179,-31,18.0,15.0,Active,0,0
2482380,2065756,409215,-13,12.0,12.0,Active,0,0
4981871,1901885,205118,-26,10.0,7.0,Active,0,0
1399316,2546220,222821,-55,12.0,3.0,Active,0,0
8281474,2819584,335313,-70,12.0,12.0,Active,0,0
7850361,2008001,341511,-5,6.0,6.0,Active,0,0
9271433,1316838,111721,-6,24.0,10.0,Active,0,0
473038,2477644,148351,-14,12.0,7.0,Active,0,0
2224070,1046115,317122,-51,12.0,5.0,Active,0,0
2035860,2150345,274782,-77,6.0,0.0,Completed,0,0
173360,1423835,288600,-41,20.0,15.0,Active,0,0
766167,1140125,374852,-65,12.0,4.0,Active,0,0
3027566,1517147,188629,-1,24.0,14.0,Active,0,0
3773603,1317271,413770,-63,9.0,7.0,Active,0,0
1078721,1532547,264093,-18,12.0,10.0,Active,0,0
7962414,1667067,206017,-38,12.0,8.0,Active,0,0
3129408,2053279,361591,-8,12.0,8.0,Active,0,0
3804703,1780009,116079,-72,10.0,8.0,Active,0,0
5759985,1539817,267142,-18,6.0,2.0,Active,0,0
9111667,1360662,135497,-19,12.0,12.0,Active,0,0
6948444,1746483,413214,-37,12.0,12.0,Active,0,0
4743913,1839183,273146,-56,10.0,2.0,Active,0,0
7948940,1444676,116163,-7,8.0,0.0,Completed,0,0
2872485,1667941,408726,-15,24.0,19.0,Active,0,0
5490544,1463714,291905,-24,24.0,22.0,Active,0,0
1322075,1184409,255688,-44,10.0,2.0,Active,0,0
7095274,2528238,306962,-56,12.0,6.0,Active,0,0
9108016,2560893,173692,-29,12.0,11.0,Active,0,0
7570383,1619979,292094,-25,18.0,14.0,Active,0,0
3633343,2107716,326005,-43,24.0,17.0,Active,0,0
5004890,2105084,231546,-19,18.0,6.0,Active,0,0
4345583,1312572,225162,-31,36.0,15.0,Active,0,0
6534682,1754827,378982,-15,24.0,23.0,Active,0,0
3819455,2480204,107671,-31,48.0,45.0,Active,0,0
4498148,1324160,358255,-82,10.0,3.0,Active,0,0
5094999,1415712,190791,-83,6.0,4.0,Active,0,0
6839952,2307971,370257,-57,7.0,1.0,Active,0,0
2469838,2186730,112129,-14,12.0,8.0,Active,0,0
5994997,2478657,209480,-89,8.0,0.0,Completed,0,0
7201522,2623610,218608,-50,24.0,24.0,Active,0,0
482739,1301621,117018,-22,48.0,39.0,Active,0,0
8821586,1412454,195388,-70,6.0,2.0,Active,0,0
5419218,1157361,131118,-65,4.0,3.0,Active,0,0
787465,1659692,327273,-46,10.0,0.0,Completed,0,0
2434597,2057847,344068,-12,36.0,17.0,Active,0,0
6072202,1519476,357833,-62,12.0,1.0,Active,0,0
8351508,1244606,113154,-84,3.0,0.0,Completed,0,0
408525,2820802,194478,-13,24.0,10.0,Active,0,0
4246429,2173882,246910,-34,36.0,35.0,Active,0,0
7249048,2371216,209011,-85,12.0,1.0,Active,0,0
4138791,2741478,414953,-8,30.0,18.0,Active,0,0
8298388,2308059,298787,-92,8.0,6.0,Active,0,0
4048887,1523200,226927,-10,30.0,25.0,Active,0,0
7088991,1004886,337050,-5,12.0,10.0,Active,0,0
5933553,1437564,223784,-77,6.0,3.0,Active,0,0
7265362,2029510,388417,-11,24.0,17.0,Active,0,0
5592069,1548206,120703,-42,24.0,23.0,Active,0,0
1605724,1597209,363285,-4,48.0,41.0,Active,0,0
3681674,2356796,165220,-13,12.0,9.0,Active,0,0
8001023,1561328,186973,-14,18.0,16.0,Active,0,0
3754602,1495707,121171,-83,10.0,4.0,Active,0,0
3491839,2832009,162599,-77,12.0,6.0,Active,0,0
1494067,2208691,210460,-12,18.0,9.0,Active,0,0
1412319,2235589,246965,-13,36.0,13.0,Active,0,0
4701194,1744265,387120,-87,10.0,9.0,Active,0,0
248024,2516986,135837,-39,6.0,5.0,Active,0,0
2233825,2210141,407087,-6,36.0,36.0,Active,0,0
7241041,2783366,360553,-30,18.0,18.0,Active,0,0
3023741,2079851,388418,-7,7.0,0.0,Completed,0,0
9665167,1005358,152945,-83,7.0,4.0,Active,0,0
7968393,1220181,387659,-10,24.0,14.0,Active,0,0
4303118,1499199,105298,-15,12.0,7.0,Active,0,0
8941401,2395151,450025,-5,5.0,0.0,Completed,0,0
1104440,2721345,379552,-78,6.0,1.0,Active,0,0
9104256,1968981,170993,-8,6.0,0.0,Completed,0,0
4152862,1715923,376466,-33,24.0,21.0,Active,0,0
7910009,1456910,250162,-13,10.0,3.0,Active,0,0
7597869,1207824,435686,-8,10.0,0.0,Completed,0,0
4547953,2412394,240057,-32,36.0,33.0,Active,0,0
8263664,1244306,221678,-35,12.0,12.0,Active,0,0
7421574,2567432,109523,-1,12.0,3.0,Active,0,0
7402828,2056993,263062,-50,8.0,5.0,Active,0,0
7754147,2517258,234889,-2,10.0,0.0,Active,0,0
6911962,1766147,319374,-60,6.0,5.0,Active,0,0
4900219,1146884,263717,-10,42.0,28.0,Active,0,0
8969814,1157436,432990,-38,24.0,12.0,Active,0,0
5451653,2504475,200708,-18,12.0,8.0,Active,0,0
8748653,1151966,138012,-10,6.0,3.0,Active,0,0
1995293,2840384,198479,-19,60.0,59.0,Active,0,0
6844140,2727979,345538,-19,10.0,6.0,Active,0,0
1113098,1954871,193940,-39,12.0,10.0,Active,0,0
3193258,2173222,107530,-53,24.0,19.0,Active,0,0
4353379,2048243,153382,-85,17.0,9.0,Active,0,0
80896,1244474,257244,-11,30.0,6.0,Active,0,0
273508,2646577,289849,-16,24.0,18.0,Active,0,0
985502,2429422,315367,-9,48.0,44.0,Active,0,0
7315732,2566445,306395,-22,24.0,18.0,Active,0,0
5977305,2357367,451053,-32,12.0,4.0,Active,0,0
623601,1126539,159841,-10,48.0,45.0,Active,0,0
4141109,2106778,236354,-67,6.0,5.0,Active,0,0
6882484,1810715,320273,-6,18.0,11.0,Active,0,0
2277186,1054918,373017,-62,10.0,3.0,Active,0,0
1720050,2398087,222624,-44,18.0,13.0,Active,0,0
3217808,2060618,308261,-31,6.0,1.0,Active,0,0
1840614,1331942,292388,-2,48.0,36.0,Active,0,0
2360847,1388705,313515,-47,18.0,15.0,Active,0,0
4824413,2800587,338372,-32,18.0,10.0,Active,0,0
4131982,1485948,404008,-12,36.0,24.0,Active,0,0
8542388,1516490,443814,-34,24.0,6.0,Active,0,0
8624482,1964233,234726,-58,12.0,9.0,Active,0,0
7620918,2466901,257573,-60,18.0,10.0,Active,0,0
1169409,1266768,206181,-79,4.0,0.0,Completed,0,0
7391198,1885293,248104,-84,24.0,23.0,Active,0,0
4929895,2293011,390431,-31,60.0,58.0,Active,0,0
915906,2396025,380891,-12,6.0,1.0,Active,0,0
605827,2058201,178087,-8,18.0,3.0,Active,0,0
7325403,1256760,243289,-16,18.0,5.0,Active,0,0
3310507,1903538,323216,-76,6.0,3.0,Active,0,0
3152606,2486661,198995,-7,36.0,15.0,Active,0,0
7887424,2007038,291172,-61,8.0,7.0,Active,0,0
8467381,1922231,386704,-9,4.0,4.0,Active,0,0
9530153,1596064,369374,-24,24.0,20.0,Active,0,0
2103695,2830051,430335,-5,18.0,3.0,Active,0,0
4568466,2075429,377701,-46,18.0,18.0,Active,0,0
7005478,2007757,255613,-17,24.0,8.0,Active,0,0
1142455,2682450,111993,-12,60.0,58.0,Active,0,0
5648792,2741010,207754,-40,4.0,0.0,Active,0,0
4600033,2721250,317582,-11,60.0,51.0,Active,0,0
2809421,1100414,221071,-87,10.0,10.0,Active,0,0
3271012,2161015,254662,-26,18.0,14.0,Active,0,0
8475834,1223173,257796,-80,12.0,6.0,Active,0,0
4913865,2258159,293052,-37,24.0,20.0,Active,0,0
7914774,1319416,196451,-13,14.0,7.0,Active,0,0
7525734,1873353,337305,-77,12.0,1.0,Active,0,0
6788315,1180839,134031,-85,10.0,1.0,Active,0,0
2765553,2562755,440291,-94,3.0,0.0,Active,0,0
4217900,1850862,423328,-16,12.0,8.0,Active,0,0
613993,1024372,250161,-15,6.0,3.0,Active,0,0
2322752,2693623,180534,-51,12.0,7.0,Active,0,0
7384960,2394750,152911,-57,9.0,9.0,Active,0,0
9839904,1926437,176733,-12,18.0,0.0,Completed,0,0
9645986,1001217,454377,-25,6.0,6.0,Active,0,0
8575551,2387243,251416,-51,6.0,2.0,Active,0,0
9851610,2290792,210836,-7,12.0,7.0,Active,0,0
4780531,2368397,449848,-88,9.0,4.0,Active,0,0
4495516,2446676,374832,-72,5.0,3.0,Active,0,0
815180,1597952,293779,-36,30.0,30.0,Active,0,0
4984180,1897144,212947,-87,8.0,0.0,Completed,0,0
2757878,2244909,373164,-34,24.0,8.0,Active,0,0
6242573,2084927,166973,-10,8.0,8.0,Active,0,0
3298385,2206238,295820,-38,24.0,7.0,Active,0,0
2422465,1640035,283240,-15,24.0,16.0,Active,0,0
1117623,1902795,434690,-23,12.0,10.0,Active,0,0
2598322,2583998,291442,-13,36.0,6.0,Active,0,0
6390489,1595073,290743,-24,12.0,11.0,Active,0,0
7303661,2690657,399209,-4,10.0,1.0,Active,0,0
5145597,2321060,356943,-14,60.0,58.0,Active,0,0
2523809,2697933,114194,-37,24.0,9.0,Active,0,0
2251768,1547462,131572,-26,12.0,7.0,Active,0,0
39365,2219905,226805,-5,24.0,12.0,Active,0,0
6898287,1656226,121208,-60,60.0,39.0,Active,0,0
7275146,1156049,180652,-67,12.0,10.0,Active,0,0
1255393,1311823,340948,-48,7.0,1.0,Active,0,0
3103656,2563409,340686,-17,12.0,3.0,Active,0,0
417346,1556459,151885,-43,12.0,12.0,Signed,0,0
7098637,2388813,210123,-13,36.0,36.0,Signed,0,0
4911364,1736593,246582,-2,24.0,16.0,Active,0,0
6026191,2523436,262397,-16,42.0,39.0,Active,0,0
7989210,1231183,439286,-32,24.0,22.0,Active,0,0
1821281,1585255,352941,-11,5.0,0.0,Completed,0,0
3598884,2256895,252093,-66,12.0,1.0,Active,0,0
1318717,2183652,257536,-7,42.0,21.0,Active,0,0
4238050,1610799,145259,-76,5.0,0.0,Completed,0,0
3540314,2728960,217170,-76,7.0,4.0,Active,0,0
3862407,1772253,284384,-55,9.0,8.0,Active,0,0
9702859,2234954,243737,-58,12.0,0.0,Completed,0,0
5442465,1953738,384488,-2,24.0,4.0,Active,0,0
5635566,1618543,400694,-71,5.0,1.0,Active,0,0
4587471,1302291,243788,-28,24.0,23.0,Active,0,0
8704525,2793423,176495,-32,24.0,4.0,Active,0,0
4537987,2683320,107779,-24,6.0,3.0,Active,0,0
5504695,1644630,170122,-36,12.0,0.0,Completed,0,0
8251403,1137572,452974,-16,12.0,6.0,Active,0,0
1330995,1359623,426410,-27,12.0,9.0,Active,0,0
4069023,1543776,332263,-18,12.0,8.0,Active,0,0
5792612,1750346,142464,-29,6.0,2.0,Active,0,0
5923441,2360903,375692,-72,24.0,10.0,Active,0,0
6598622,2055546,271801,-36,24.0,11.0,Active,0,0
4166979,2678335,421488,-69,10.0,5.0,Active,0,0
4960793,1156045,269318,-9,12.0,4.0,Active,0,0
3113516,1129320,387585,-26,12.0,3.0,Active,0,0
4780950,1902948,126661,-44,10.0,4.0,Active,0,0
7037986,1685146,435019,-88,12.0,0.0,Active,234,0
1829230,1315154,452125,-41,8.0,4.0,Active,0,0
9818949,2513632,322625,-6,12.0,8.0,Active,0,0
3570379,2797455,352202,-16,36.0,36.0,Active,0,0
136621,2157848,383048,-12,60.0,52.0,Active,0,0
8713521,1182802,444494,-10,6.0,6.0,Active,0,0
9183736,2388541,357999,-4,12.0,11.0,Active,0,0
5903067,1337710,101899,-26,10.0,2.0,Active,0,0
2721863,1801550,243657,-42,12.0,5.0,Active,0,0
7693886,1338282,332061,-49,4.0,4.0,Signed,0,0
2019617,1936974,135239,-25,6.0,2.0,Active,0,0
8407305,2693757,235472,-31,16.0,13.0,Active,0,0
7612772,1006265,373559,-45,8.0,7.0,Active,0,0
2627848,2106837,398267,-47,12.0,8.0,Active,0,0
4895213,2254659,389048,-7,24.0,23.0,Active,0,0
8165454,2837515,114937,-11,10.0,7.0,Active,0,0
6112428,1129444,111402,-17,18.0,6.0,Active,0,0
750094,2161616,408614,-46,24.0,16.0,Active,1,1
3116959,1926189,322811,-11,14.0,0.0,Completed,0,0
7650841,1211560,252733,-49,16.0,0.0,Active,1980,0
21512,2138238,305200,-6,18.0,12.0,Active,0,0
4221352,2744784,220624,-9,36.0,28.0,Active,0,0
615026,1766593,253037,-90,12.0,12.0,Active,0,0
8593664,1310836,153778,-30,12.0,5.0,Active,0,0
5110799,1104058,233733,-21,30.0,28.0,Active,0,0
6594110,1334058,253709,-14,24.0,18.0,Active,0,0
7734400,1446604,354068,-36,36.0,1.0,Active,0,0
453583,2076065,353131,-17,12.0,12.0,Active,0,0
4298945,1236943,389866,-19,12.0,12.0,Active,0,0
767260,1954632,301434,-19,48.0,31.0,Active,0,0
7100979,1439099,261410,-4,24.0,22.0,Active,0,0
8678207,2049485,177933,-61,48.0,34.0,Active,0,0
2748135,2346132,430354,-23,30.0,23.0,Active,0,0
1774880,1064861,302016,-5,5.0,0.0,Completed,0,0
7751680,1978276,201172,-4,10.0,6.0,Active,0,0
7015930,1339917,312384,-12,12.0,9.0,Active,0,0
1764545,2769228,104492,-89,10.0,0.0,Active,0,0
1138450,2619189,306661,-76,6.0,0.0,Active,0,0
131345,2598170,177310,-10,18.0,16.0,Active,0,0
904932,1989945,106944,-59,12.0,2.0,Active,0,0
7626773,1381088,127366,-69,10.0,0.0,Active,496,0
4553550,2064403,225012,-56,11.0,2.0,Active,0,0
4394444,1206600,304028,-79,10.0,1.0,Active,0,0
63048,2598315,322632,-15,48.0,45.0,Active,0,0
5507864,2111154,141115,-17,18.0,12.0,Active,0,0
2685032,2126098,151128,-13,18.0,0.0,Completed,0,0
2729718,1604052,111872,-16,18.0,13.0,Active,0,0
1728970,2546839,177748,-20,60.0,47.0,Active,0,0
6088429,1135200,274336,-13,10.0,8.0,Active,0,0
8683971,1517761,225362,-57,10.0,4.0,Active,0,0
117402,2087678,317413,-17,12.0,3.0,Active,0,0
8706984,1421184,248594,-78,12.0,5.0,Active,0,0
4562889,2482834,341434,-38,12.0,5.0,Active,0,0
3485562,1414078,242121,-47,11.0,8.0,Active,0,0
2304970,1126082,397504,-17,9.0,0.0,Completed,0,0
4701046,2702508,147857,-22,24.0,14.0,Active,0,0
6472574,1454997,449089,-40,30.0,13.0,Active,0,0
3376138,2307369,223057,-87,10.0,5.0,Active,0,0
5756270,1291835,157732,-20,12.0,8.0,Active,0,0
9440116,1647208,105254,-20,18.0,12.0,Active,0,0
4527204,2244334,280052,-30,24.0,24.0,Active,0,0
6515719,2363284,117260,-52,10.0,4.0,Active,0,0
8506959,2477082,205866,-36,18.0,17.0,Active,0,0
6765141,1029867,386942,-30,12.0,7.0,Active,0,0
9852033,1920270,292575,-9,36.0,26.0,Active,0,0
7688774,2294185,341615,-64,11.0,6.0,Active,0,0
3654373,1536780,431522,-24,18.0,2.0,Active,0,0
9589366,2832302,301225,-76,10.0,0.0,Completed,0,0
184094,2149702,391106,-7,42.0,22.0,Active,0,0
9623801,2569922,397014,-3,24.0,14.0,Active,0,0
8582973,2765763,113486,-32,24.0,12.0,Active,0,0
4976180,1152526,292991,-13,11.0,2.0,Active,0,0
8254647,1029341,196707,-11,24.0,20.0,Active,0,0
2850398,1360799,136807,-36,6.0,6.0,Active,0,0
1155737,1189407,348451,-12,24.0,20.0,Active,0,0
776382,1156255,221430,-15,36.0,21.0,Active,0,0
94073,2018207,415507,-2,24.0,0.0,Completed,0,0
3948680,1085961,296958,-77,5.0,3.0,Active,0,0
8855082,1061751,300263,-8,10.0,6.0,Active,0,0
9809778,1510679,409904,-11,24.0,15.0,Active,0,0
7651341,2552248,146434,-48,12.0,0.0,Active,0,0
4748923,2106984,399226,-17,12.0,4.0,Active,0,0
3449804,1916451,203779,-7,11.0,8.0,Active,0,0
6784244,1242534,218283,-55,12.0,6.0,Active,0,0
9970494,2428537,140169,-54,11.0,0.0,Completed,0,0
994813,2422201,377193,-22,6.0,3.0,Active,0,0
2613462,1969151,440583,-48,10.0,0.0,Completed,0,0
8936655,1206750,157669,-38,4.0,0.0,Completed,0,0
4011140,2575120,288455,-17,24.0,18.0,Active,0,0
2178349,1194363,338792,-55,12.0,11.0,Active,0,0
7869893,1315741,275786,-55,10.0,4.0,Active,0,0
7804934,2387156,384253,-67,32.0,19.0,Active,0,0
4306116,1783707,196251,-7,48.0,35.0,Active,0,0
1496412,1739731,299980,-24,16.0,12.0,Active,0,0
9052749,1768498,400119,-66,12.0,2.0,Active,0,0
4870839,1000487,264938,-30,54.0,50.0,Active,0,0
7332344,2432567,112388,-5,12.0,9.0,Active,0,0
7859179,2328853,198803,-45,12.0,5.0,Active,0,0
8572237,1194873,103289,-59,12.0,3.0,Active,0,0
8025328,1055859,421009,-6,24.0,1.0,Active,0,0
6253501,1685027,240483,-29,18.0,12.0,Active,0,0
4920046,1404849,119535,-83,4.0,4.0,Active,0,0
531101,2104944,325558,-81,24.0,14.0,Active,0,0
4883116,1011896,137178,-18,12.0,10.0,Active,0,0
9654679,1540043,356299,-30,,,Signed,0,0
2770215,1270606,121803,-27,18.0,13.0,Active,0,0
942197,2024104,359836,-9,24.0,9.0,Active,0,0
3054379,2737607,448658,-53,12.0,5.0,Active,0,0
9764670,1621929,233404,-15,1.0,0.0,Completed,0,0
7134053,1729518,228944,-32,10.0,0.0,Active,1881,0
3815947,2816980,149410,-25,36.0,32.0,Active,0,0
9602583,1744883,347003,-21,24.0,16.0,Active,0,0
7527266,2486944,262979,-7,12.0,5.0,Active,0,0
7952185,2772912,368741,-13,4.0,4.0,Active,0,0
1846804,2414666,349150,-93,6.0,5.0,Active,0,0
6843145,1272112,416901,-9,12.0,5.0,Active,0,0
5759939,1972663,432280,-27,6.0,4.0,Active,0,0
9291384,2057867,420343,-19,30.0,15.0,Active,0,0
9360732,1543247,103537,-12,12.0,4.0,Active,0,0
5388732,1385725,139822,-86,10.0,9.0,Active,0,0
9647504,2673562,271071,-94,11.0,1.0,Active,0,0
1898656,2728181,420556,-14,36.0,31.0,Active,0,0
4850885,1566329,385015,-8,12.0,3.0,Active,0,0
9387014,2290770,311526,-74,9.0,9.0,Active,0,0
2246273,1354442,427731,-96,10.0,3.0,Active,0,0
982589,1326139,226596,-19,6.0,2.0,Active,0,0
9560895,2607535,289343,-47,10.0,10.0,Signed,0,0
9160646,1153940,196595,-21,12.0,8.0,Active,0,0
8346636,1260545,130628,-16,42.0,40.0,Active,0,0
3443009,1356008,285014,-23,36.0,31.0,Active,0,0
1031085,1156859,304240,-76,10.0,6.0,Active,0,0
1980273,1119507,196069,-13,24.0,15.0,Active,0,0
4218198,1034465,311498,-21,24.0,18.0,Active,0,0
6622944,2115745,290646,-38,12.0,1.0,Active,0,0
4410090,2719419,439118,-78,8.0,1.0,Active,0,0
2246778,2432949,359702,-22,30.0,23.0,Active,0,0
7076954,1464296,190901,-92,6.0,0.0,Active,254,0
8303089,1324267,353741,-3,24.0,10.0,Active,0,0
8100869,2687809,180011,-6,24.0,19.0,Active,0,0
6740190,2360603,444208,-5,12.0,8.0,Active,0,0
8408923,2756353,377215,-71,6.0,4.0,Active,0,0
5833982,2822149,284346,-10,12.0,10.0,Active,0,0
1199967,1383292,200407,-23,60.0,56.0,Active,0,0
2184303,2356872,384409,-16,30.0,28.0,Active,0,0
7507110,2083296,190598,-51,10.0,0.0,Active,1072,0
4436585,2394451,139079,-22,18.0,0.0,Completed,0,0
3714755,2356186,202623,-18,6.0,5.0,Active,0,0
8734583,1556409,346696,-27,36.0,24.0,Active,0,0
1440667,1856615,145987,-61,16.0,14.0,Active,0,0
5077405,1264116,259258,-18,6.0,1.0,Active,0,0
4114875,2652193,236171,-25,24.0,19.0,Active,0,0
3237339,1389668,173803,-22,30.0,24.0,Active,0,0
6321833,2476291,410880,-67,12.0,12.0,Active,0,0
5287043,2291239,387708,-51,12.0,3.0,Active,0,0
1771167,2378192,198514,-76,6.0,4.0,Active,0,0
4410295,2552061,249731,-45,9.0,6.0,Active,0,0
4530655,2299382,186714,-5,18.0,16.0,Active,0,0
4614077,2394437,190608,-15,6.0,6.0,Active,0,0
2755152,2154161,383920,-20,12.0,10.0,Active,0,0
3343580,1188056,142647,-9,12.0,9.0,Active,0,0
8718963,1245593,227582,-86,6.0,2.0,Active,0,0
8979088,2526998,105053,-23,6.0,2.0,Active,0,0
6283722,1238143,392800,-2,12.0,10.0,Active,0,0
6943836,2794106,125517,-34,14.0,2.0,Active,0,0
6358940,1227137,403014,-2,,,Signed,0,0
2898058,1001885,323830,-81,12.0,6.0,Active,0,0
3076104,1295612,232894,-15,48.0,47.0,Active,0,0
3597432,1874063,417039,-20,10.0,8.0,Active,0,0
6046635,1675912,322999,-32,24.0,16.0,Active,0,0
3942461,2681842,263025,-29,30.0,26.0,Active,0,0
2210334,2463119,248637,-19,36.0,34.0,Active,0,0
9452723,1233136,229105,-88,12.0,3.0,Active,0,0
802351,1337099,429151,-11,24.0,17.0,Active,0,0
2285853,1187656,321749,-8,12.0,6.0,Active,0,0
5933296,1975381,259192,-82,12.0,2.0,Active,77,77
3205754,1443466,359433,-24,10.0,9.0,Active,0,0
1400645,2035565,269805,-16,6.0,6.0,Active,0,0
2353110,1973230,193749,-19,12.0,0.0,Completed,0,0
6323444,1870181,424142,-53,24.0,24.0,Active,0,0
413147,1973464,352019,-45,6.0,6.0,Active,0,0
5043753,1719405,158873,-25,12.0,3.0,Active,0,0
1831873,1844824,304578,-8,24.0,9.0,Active,0,0
7939251,1051521,185560,-49,12.0,12.0,Active,0,0
4682526,1755968,391873,-10,30.0,29.0,Active,0,0
442103,1819037,421697,-76,10.0,4.0,Active,0,0
8241076,1924289,331401,-6,24.0,16.0,Active,0,0
8533019,1691521,323306,-17,24.0,19.0,Active,4,4
1678716,1305643,387157,-2,8.0,5.0,Active,0,0
4781685,1826314,437081,-25,12.0,7.0,Active,0,0
5028380,2703257,314475,-16,48.0,32.0,Active,0,0
7156725,2559496,221064,-47,24.0,22.0,Active,0,0
1016565,1765405,325859,-22,1.0,0.0,Completed,0,0
9411825,2249020,193505,-43,12.0,9.0,Active,0,0
2904852,1723922,354463,-8,6.0,6.0,Active,0,0
8414437,1283786,311176,-14,12.0,11.0,Active,0,0
4767433,1843321,321674,-12,24.0,18.0,Active,0,0
2332279,1385707,159773,-3,60.0,58.0,Active,0,0
7628546,2745132,285201,-70,6.0,6.0,Active,0,0
3581452,1493732,334642,-34,10.0,9.0,Active,0,0
694059,1498728,220692,-11,12.0,11.0,Active,0,0
7606269,2003891,334322,-14,10.0,10.0,Active,0,0
1980170,2547493,247606,-88,6.0,0.0,Active,0,0
8535798,1573624,430587,-23,10.0,10.0,Active,0,0
4424325,2477009,164841,-51,6.0,0.0,Completed,0,0
3629357,2409184,238712,-11,18.0,12.0,Active,0,0
3780460,2258658,110120,-18,12.0,5.0,Active,0,0
1964992,2411192,162821,-67,6.0,2.0,Active,0,0
4308544,1193311,279782,-29,12.0,12.0,Active,0,0
6454789,2842419,294731,-60,10.0,0.0,Active,0,0
6742170,2507601,268134,-7,24.0,19.0,Active,0,0
7800899,1751918,258399,-62,12.0,11.0,Active,0,0
118122,2157812,200498,-2,48.0,23.0,Active,0,0
5352757,1721552,409043,-88,8.0,2.0,Active,0,0
5268028,2322978,288550,-21,18.0,7.0,Active,0,0
4712426,2114001,170888,-23,48.0,41.0,Active,0,0
1845746,1395250,439255,-31,42.0,30.0,Active,0,0
4424436,2665051,202261,-7,6.0,0.0,Completed,0,0
2901282,1747765,266416,-10,48.0,46.0,Active,0,0
8629612,1777295,108809,-71,12.0,9.0,Active,0,0
4264400,1419765,245523,-73,7.0,2.0,Active,0,0
7330026,1959332,166241,-11,,,Signed,0,0
190775,2562451,389570,-46,12.0,3.0,Active,0,0
513164,1822536,118649,-26,6.0,3.0,Active,0,0
4153059,1923653,241777,-24,18.0,18.0,Active,0,0
3918949,1839245,250413,-27,18.0,18.0,Signed,0,0
9925506,1764789,348372,-23,12.0,0.0,Completed,0,0
3621070,1041449,195725,-24,60.0,60.0,Active,0,0
3395106,1424516,312323,-80,8.0,4.0,Active,0,0
6935186,1940178,433725,-79,16.0,6.0,Active,0,0
9626939,2101881,385808,-4,18.0,4.0,Active,0,0
5803201,2424716,291346,-83,8.0,0.0,Completed,0,0
7434495,2315406,336720,-7,18.0,10.0,Active,0,0
8660735,1384211,178414,-11,24.0,22.0,Active,0,0
5600722,2746198,398399,-32,4.0,0.0,Completed,0,0
3559068,1520765,223132,-8,36.0,23.0,Active,0,0
3213130,1621223,219610,-25,24.0,19.0,Active,0,0
9163537,1435003,176453,-29,24.0,10.0,Active,0,0
4501817,2118249,120041,-81,24.0,20.0,Active,0,0
5879596,2523307,431239,-63,12.0,2.0,Active,0,0
9266884,2107725,265159,-44,12.0,0.0,Completed,0,0
1732858,1284934,255175,-57,6.0,4.0,Active,0,0
4870411,1411026,122305,-30,24.0,8.0,Active,0,0
9192032,1604078,421270,-17,12.0,3.0,Active,0,0
5624816,1514305,234455,-54,12.0,5.0,Active,0,0
8024721,2685743,377363,-4,8.0,8.0,Active,0,0
2652898,1978150,151776,-60,9.0,6.0,Active,0,0
3503271,2731517,292934,-10,48.0,31.0,Active,0,0
2762588,1191659,273721,-18,12.0,9.0,Active,0,0
5339728,1356643,111935,-19,10.0,6.0,Active,0,0
7623152,2283907,215227,-63,18.0,12.0,Active,0,0
8696244,1209630,154325,-15,10.0,2.0,Active,0,0
9523955,1105970,104459,-8,6.0,3.0,Active,0,0
9366216,2149031,335695,-77,6.0,5.0,Signed,0,0
3597829,1594611,278146,-31,10.0,7.0,Active,0,0
1103445,1570570,215103,-50,12.0,4.0,Active,0,0
4632175,1910799,152742,-90,9.0,9.0,Active,0,0
8190554,1861399,379423,-38,18.0,0.0,Completed,0,0
9414892,1968501,294605,-45,18.0,4.0,Active,0,0
411723,1942196,225978,-25,18.0,12.0,Active,0,0
8179320,2355227,274686,-76,10.0,5.0,Active,0,0
4631128,1872451,211801,-56,12.0,3.0,Active,0,0
9625548,1188205,419079,-5,24.0,10.0,Active,0,0
9099311,1827101,379758,-74,8.0,5.0,Active,0,0
2302491,1815133,260848,-68,8.0,4.0,Active,0,0
6702768,2027771,235740,-17,12.0,12.0,Active,0,0
89267,1041460,147103,-16,18.0,12.0,Active,0,0
3231632,1480961,227932,-44,6.0,1.0,Active,0,0
6628993,2408020,321267,-88,15.0,9.0,Active,0,0
2738104,1086073,277519,-58,10.0,10.0,Returned to the store,0,0
1560653,1871860,442941,-33,12.0,1.0,Active,0,0
717345,2202882,186548,-6,48.0,34.0,Active,0,0
5084521,1036237,350775,-71,9.0,8.0,Active,0,0
1316421,2725107,289711,-17,30.0,25.0,Active,0,0
3477899,1356318,194103,-32,24.0,17.0,Active,0,0
7601842,2189950,144632,-82,24.0,3.0,Active,0,0
985514,1204988,138995,-13,24.0,2.0,Active,0,0
6354394,1720327,219053,-21,12.0,6.0,Active,0,0
2231407,1954236,302351,-14,60.0,44.0,Active,0,0
7403833,1234311,157284,-37,10.0,3.0,Active,0,0
2203214,2669830,373734,-3,11.0,8.0,Active,0,0
5944975,1312816,158714,-11,12.0,9.0,Active,0,0
519756,1751707,436299,-18,36.0,34.0,Active,0,0
3369436,2629096,286900,-74,10.0,2.0,Active,0,0
2500555,2697796,406623,-12,12.0,7.0,Active,0,0
2412271,2583780,175273,-68,16.0,13.0,Active,0,0
2424970,2294318,179389,-75,10.0,3.0,Active,0,0
9633988,1055956,372618,-20,12.0,10.0,Active,0,0
918061,1973201,378980,-13,42.0,36.0,Active,0,0
3477160,1675485,162688,-55,8.0,6.0,Active,0,0
5975694,1560687,248453,-57,6.0,6.0,Active,0,0
9568422,2141906,415346,-10,12.0,1.0,Active,0,0
9758213,2332938,364797,-2,9.0,0.0,Completed,0,0
2986288,1784976,293962,-36,24.0,23.0,Active,0,0
3882575,2200297,189738,-68,11.0,7.0,Active,0,0
6067241,1928471,348380,-44,12.0,10.0,Active,0,0
3703850,1642427,435423,-31,24.0,20.0,Active,0,0
6921416,1846157,352875,-61,12.0,12.0,Signed,0,0
1433260,2204971,409577,-16,42.0,29.0,Active,0,0
3020390,2058068,378571,-4,11.0,0.0,Completed,0,0
7636189,1466448,219278,-57,8.0,3.0,Active,0,0
6257035,2832437,121041,-54,10.0,0.0,Completed,0,0
113565,1773482,117567,-10,11.0,0.0,Completed,0,0
3175631,2523598,354523,-6,36.0,15.0,Active,0,0
9067436,1604756,414726,-45,18.0,1.0,Active,0,0
2605730,1922679,248384,-89,12.0,3.0,Active,0,0
8370134,2210726,448010,-35,6.0,0.0,Active,322,0
9250691,1175861,279367,-54,30.0,6.0,Active,0,0
2868012,1668598,428449,-34,12.0,9.0,Active,0,0
7551670,2465663,441455,-88,10.0,0.0,Completed,0,0
4110572,1532409,453238,-20,18.0,5.0,Active,0,0
4190585,2813211,387834,-30,12.0,10.0,Active,0,0
8643113,1701988,236403,-13,12.0,12.0,Active,0,0
4144381,1822004,178782,-8,36.0,30.0,Active,0,0
7448772,1891384,406907,-24,12.0,4.0,Active,0,0
9773839,1136493,105377,-21,36.0,20.0,Active,0,0
6389221,2594152,125508,-27,12.0,12.0,Active,0,0
808929,1206629,396376,-18,6.0,0.0,Active,0,0
1542878,2006630,367301,-15,24.0,21.0,Active,0,0
3339009,1307170,179106,-41,24.0,19.0,Active,0,0
1198725,1672193,308729,-75,6.0,1.0,Active,0,0
4477656,2715884,209405,-46,24.0,16.0,Active,0,0
7679405,2486373,352226,-15,24.0,8.0,Active,0,0
9157636,2683667,145314,-30,6.0,2.0,Active,0,0
6361870,2101730,192706,-10,12.0,10.0,Active,0,0
3366873,2014201,334024,-77,12.0,7.0,Active,0,0
8259223,1137453,116459,-17,10.0,6.0,Active,0,0
2414808,1444786,317450,-86,5.0,2.0,Active,0,0
8802504,1281740,191189,-62,12.0,2.0,Active,0,0
7190997,1591391,434845,-4,12.0,6.0,Active,0,0
8817815,2108156,156852,-18,18.0,9.0,Active,0,0
2624530,1856072,256110,-14,18.0,10.0,Active,0,0
6577557,1826301,390046,-9,24.0,18.0,Active,0,0
1525537,2754629,102506,-12,12.0,11.0,Active,0,0
1701,2226885,261614,-45,24.0,13.0,Active,0,0
1545241,1283042,454220,-17,,,Approved,0,0
4111152,1624871,249343,-13,24.0,10.0,Active,0,0
1825595,2134026,391712,-28,24.0,13.0,Active,0,0
6650781,1745805,376569,-8,6.0,2.0,Active,0,0
9370905,1363354,403012,-60,12.0,7.0,Active,0,0
